idatracacao,cdtup,berco,portoatracacao,ano,mes,tipooperacao,tiponavegacaoatracacao,terminal,nacionalidadearmador,tesperaatracacao,tesperacainicioop,toperacao,tesperadesatracacao,tatracado,testadia,idcarga,origem,destino,cdmercadoria,naturezacarga,teu,qtcarga,pesocargabruta,sentido,cdmercadoria_cntr,pesocarga_cntr
0,0,0,0,0,0,0,0,0,0,0,0,0,0,0,0,0,0,0,0,0,0,0,0,0,0,0
1,1,1,1,0,1,1,1,1,1,1,1,1,1,1,1,1,1,1,1,1,1,1,1,1,1,1
1,1,1,1,0,1,1,1,1,1,1,1,1,1,1,1,1,1,1,1,1,2,2,1,2,1,1
2,2,2,2,0,2,1,1,2,2,2,2,2,2,2,2,2,2,2,2,2,3,3,2,3,2,0
3,3,3,3,0,3,1,1,3,2,3,3,3,3,3,3,3,3,3,3,3,4,4,3,3,2,0
3,3,3,3,0,3,1,1,3,2,3,3,3,3,3,3,3,3,3,3,3,4,5,2,3,2,0
4,2,2,2,0,3,1,1,2,2,4,4,3,4,4,4,4,4,2,4,4,5,6,2,3,2,0
5,3,3,3,0,1,1,1,3,2,5,2,3,5,5,5,3,5,4,5,5,6,7,4,1,1,1
6,2,2,2,0,3,1,1,2,2,6,5,4,6,6,6,3,5,5,6,6,7,8,2,3,2,0
7,3,3,3,0,2,1,1,3,2,3,6,4,7,7,7,3,6,6,7,7,8,9,2,3,2,0
7,3,3,3,0,2,1,1,3,2,3,6,4,7,7,7,3,6,6,7,7,8,10,2,3,2,0
7,3,3,3,0,2,1,1,3,2,3,6,4,7,7,7,3,6,6,7,7,8,11,2,3,2,0
7,3,3,3,0,2,1,1,3,2,3,6,4,7,7,7,3,6,6,7,7,8,12,3,3,2,0
8,1,1,1,0,0,1,1,1,1,1,7,5,8,8,8,5,1,7,1,8,9,13,1,1,1,1
8,1,1,1,0,0,1,1,1,1,1,7,5,8,8,8,5,1,7,1,8,10,2,1,2,1,1
8,1,1,1,0,0,1,1,1,1,1,7,5,8,8,8,5,1,7,1,8,11,2,1,2,3,1
9,4,4,4,0,4,1,1,4,1,7,8,4,7,9,9,6,7,8,8,9,12,14,5,4,2,0
10,5,5,5,0,4,1,1,5,2,8,9,6,9,10,10,6,8,9,9,10,13,15,6,5,2,0
10,5,5,5,0,4,1,1,5,2,8,9,6,9,10,10,6,8,9,9,10,13,16,6,5,2,0
11,3,3,3,0,2,1,1,3,2,3,10,3,4,11,11,3,9,10,10,11,14,17,2,3,2,0
11,3,3,3,0,2,1,1,3,2,3,10,3,4,11,11,3,9,10,10,11,14,18,3,3,2,0
12,2,2,2,0,0,1,1,2,2,9,11,3,3,12,12,4,10,11,11,12,15,19,2,3,2,0
13,3,3,3,0,5,1,1,3,2,3,12,4,10,7,7,7,11,12,12,2,16,20,2,3,0,0
14,6,6,6,0,4,1,1,6,2,10,13,4,11,13,2,8,12,13,13,13,17,21,5,4,2,0
15,6,7,6,0,6,1,1,7,2,0,14,7,12,14,9,6,13,14,14,11,18,22,7,6,0,0
16,6,8,6,0,6,1,1,8,2,11,15,8,13,15,13,9,14,15,15,14,19,23,8,7,4,2
17,6,8,6,0,7,1,1,8,2,3,16,9,14,15,14,10,15,16,16,15,20,24,9,8,5,1
18,7,9,7,0,8,1,1,9,1,1,17,10,15,16,15,11,16,1,17,1,21,25,10,1,1,1
18,7,9,7,0,8,1,1,9,1,1,17,10,15,16,15,11,16,1,17,1,22,26,10,2,3,1
19,5,10,5,0,6,1,1,5,2,12,18,11,16,17,16,9,17,17,18,16,23,24,11,1,1,1
20,8,11,8,0,8,1,1,10,1,13,19,4,17,5,17,3,18,18,19,17,24,27,12,9,0,0
20,8,11,8,0,8,1,1,10,1,13,19,4,17,5,17,3,18,18,19,17,24,28,13,10,0,0
21,5,12,5,0,7,1,1,5,2,14,20,6,18,18,18,4,19,19,20,18,25,29,11,4,0,0
22,1,1,1,0,9,1,1,1,1,1,17,12,8,19,19,12,1,20,1,19,26,1,1,1,1,1
23,9,13,9,0,4,1,1,11,1,15,21,2,19,20,20,4,20,21,21,20,27,30,14,4,2,0
23,9,13,9,0,4,1,1,11,1,15,21,2,19,20,20,4,20,21,21,20,27,31,2,11,0,0
24,7,9,7,0,7,1,1,9,1,1,7,13,20,21,19,13,21,22,22,21,28,25,10,1,1,1
25,2,2,2,0,5,1,1,2,2,16,22,2,21,5,21,4,22,4,3,22,29,32,2,3,2,0
26,2,2,2,0,4,1,1,2,2,17,23,3,22,22,22,14,23,11,23,23,8,33,2,4,2,0
27,3,3,3,0,0,1,1,3,2,0,24,4,21,23,23,6,24,23,11,24,30,34,2,3,2,0
27,3,3,3,0,0,1,1,3,2,0,24,4,21,23,23,6,24,23,11,24,30,35,3,3,2,0
27,3,3,3,0,0,1,1,3,2,0,24,4,21,23,23,6,24,23,11,24,30,36,2,3,2,0
27,3,3,3,0,0,1,1,3,2,0,24,4,21,23,23,6,24,23,11,24,30,37,15,3,0,0
28,9,13,9,0,10,1,1,11,1,18,18,2,23,24,24,14,25,24,24,25,31,38,2,11,0,0
28,9,13,9,0,10,1,1,11,1,18,18,2,23,24,24,14,25,24,24,25,31,39,16,11,0,0
29,2,2,2,0,10,1,1,2,2,19,25,2,21,9,0,4,4,25,12,26,32,40,2,3,2,0
30,6,6,6,0,5,1,1,6,2,14,26,14,24,5,16,3,26,26,25,27,33,41,16,4,2,0
31,9,13,9,0,4,1,1,11,1,20,23,2,25,9,25,7,24,0,26,28,34,42,11,12,1,1
32,10,14,10,0,8,1,1,12,1,21,27,6,26,25,26,8,27,9,27,11,35,43,17,10,0,0
33,11,15,11,0,8,1,1,13,1,22,28,4,2,24,27,15,7,12,25,29,36,1,12,1,1,1
33,11,15,11,0,8,1,1,13,1,22,28,4,2,24,27,15,7,12,25,29,37,44,10,1,1,1
34,5,10,5,0,9,1,1,5,2,4,28,11,27,26,28,2,28,27,28,3,38,45,11,4,0,0
35,11,15,11,0,11,1,1,13,1,2,29,6,28,27,29,8,29,25,29,30,39,46,12,10,0,0
35,11,15,11,0,11,1,1,13,1,2,29,6,28,27,29,8,29,25,29,30,39,47,18,13,6,0
36,1,1,1,0,8,1,1,1,1,1,30,15,29,28,30,16,7,25,25,31,40,2,9,8,5,1
37,12,16,12,0,3,1,1,14,1,23,31,6,30,2,10,4,30,28,30,32,41,48,19,14,2,0
38,12,16,12,0,7,1,1,14,2,24,2,4,31,2,31,4,22,11,25,33,42,49,19,4,2,0
39,5,10,5,0,1,1,1,5,2,25,32,6,18,26,32,6,31,29,31,34,43,50,11,15,0,0
40,5,10,5,0,6,1,1,5,2,26,33,16,32,29,17,4,32,30,32,35,44,51,11,16,0,0
41,10,17,10,0,11,1,1,12,1,27,34,9,33,30,24,8,33,31,33,36,45,52,17,10,0,0
42,13,18,13,0,9,1,2,15,2,4,35,9,34,31,33,0,34,32,34,2,46,53,20,17,7,3
43,7,0,7,0,9,1,1,16,1,1,7,17,35,32,34,17,35,33,35,37,47,54,10,18,8,1
44,14,19,14,0,1,2,0,17,2,1,36,18,36,1,35,18,36,34,36,38,48,55,21,19,8,1
45,14,19,14,0,9,2,0,17,2,28,37,0,0,33,36,0,37,35,37,39,49,56,22,20,9,3
46,14,19,14,0,6,2,0,17,2,20,38,0,37,34,37,0,38,36,38,40,50,57,22,20,9,3
47,14,19,14,0,1,2,0,17,2,0,39,0,37,35,38,9,39,37,39,41,51,55,21,19,8,1
48,14,19,14,0,1,2,0,17,2,0,39,0,0,33,39,0,38,35,40,42,52,58,22,20,9,3
49,14,19,14,0,3,2,0,17,2,29,40,0,0,34,40,0,38,36,41,11,53,59,22,20,9,3
50,14,19,14,0,1,2,0,17,2,0,41,0,0,35,41,9,39,38,39,43,54,55,21,19,8,1
51,14,19,14,0,6,2,0,17,2,7,42,0,37,28,42,0,38,39,42,44,49,60,22,20,9,3
52,14,19,14,0,6,2,0,17,2,7,43,0,0,36,35,18,40,40,43,45,55,55,21,19,8,1
53,14,19,14,0,6,2,0,17,2,28,44,0,38,37,43,0,38,41,44,40,56,61,22,20,9,3
54,14,19,14,0,6,2,0,17,2,21,45,0,38,37,43,0,41,41,45,46,57,62,22,20,9,3
55,14,19,14,0,6,2,0,17,2,17,46,0,37,35,44,0,0,42,46,47,41,63,22,20,9,3
56,14,19,14,0,6,2,0,17,2,3,47,19,39,38,13,4,34,42,47,48,58,64,23,21,5,1
57,14,19,14,0,10,2,0,17,2,23,48,0,0,35,45,0,38,42,48,49,59,65,22,20,9,3
58,14,19,14,0,10,2,0,17,2,15,49,19,40,39,35,19,42,43,49,50,60,55,21,19,8,1
59,14,19,14,0,2,2,0,17,2,3,50,0,0,28,46,0,41,42,50,44,61,66,22,20,9,3
60,14,19,14,0,6,2,0,17,2,0,0,0,41,36,35,18,40,44,51,51,62,55,21,19,8,1
61,14,19,14,0,1,2,0,17,2,3,51,19,20,32,35,18,43,45,52,52,63,55,21,19,8,1
62,14,20,14,0,4,2,0,18,2,3,51,3,42,35,17,0,38,36,38,39,64,67,22,20,9,3
63,14,19,14,0,6,2,0,17,2,30,28,0,0,33,47,0,38,35,53,53,65,68,22,20,9,3
64,14,19,14,0,1,2,0,17,2,0,39,0,0,35,48,9,39,46,39,54,66,55,21,19,8,1
65,14,19,14,0,1,2,0,17,2,0,39,0,37,28,49,0,41,39,54,55,67,69,22,20,9,3
66,14,19,14,0,1,2,0,17,2,20,52,0,37,28,50,0,44,39,55,53,68,70,22,20,9,3
67,14,19,14,0,6,2,0,17,2,0,39,0,43,28,51,0,38,42,25,55,69,71,22,20,9,3
68,14,19,14,0,1,2,0,17,2,23,37,0,0,28,42,0,41,39,42,49,70,72,22,20,9,3
69,14,19,14,0,6,2,0,17,2,31,53,0,0,28,42,0,41,39,42,23,71,73,22,20,9,3
70,14,19,14,0,1,2,0,17,2,3,51,0,0,37,36,0,41,41,56,53,72,74,22,20,9,3
71,14,19,14,0,10,2,0,17,2,32,54,0,0,40,52,9,45,47,57,56,73,55,21,19,8,1
72,14,19,14,0,1,2,0,17,2,0,0,0,0,37,36,0,38,41,58,44,74,75,22,20,9,3
73,14,19,14,0,3,2,0,17,2,9,55,0,0,9,53,0,38,48,59,57,75,55,21,19,8,1
74,14,19,14,0,1,2,0,17,2,0,39,0,37,28,42,0,38,39,42,42,76,76,22,20,9,3
75,14,19,14,0,2,2,0,17,2,0,39,19,39,41,13,20,46,2,60,58,58,64,23,21,5,1
76,14,19,14,0,7,2,0,17,2,0,56,0,38,33,54,0,41,39,61,42,77,77,22,20,9,3
77,14,19,14,0,8,2,0,17,2,3,57,19,44,42,35,21,39,49,62,59,78,55,21,19,8,1
78,14,19,14,0,7,2,0,17,2,0,58,0,41,35,45,0,41,42,63,55,69,78,22,20,9,3
79,14,19,14,0,2,2,0,17,2,33,59,0,37,33,55,0,41,35,64,60,79,79,22,20,9,3
80,14,19,14,0,10,2,0,17,2,4,28,11,45,28,56,9,45,50,65,61,80,55,21,19,8,1
81,14,20,14,0,4,2,0,18,2,8,60,0,37,43,57,0,38,51,66,49,81,80,22,20,9,3
82,14,19,14,0,9,2,0,17,2,17,61,0,0,37,58,0,38,41,67,47,82,81,22,20,9,3
83,14,19,14,0,3,2,0,17,2,0,39,0,37,28,59,0,41,42,68,55,83,82,22,20,9,3
84,14,19,14,0,7,2,0,17,2,21,38,19,46,44,35,18,47,52,69,52,84,55,21,19,8,1
85,14,19,14,0,0,2,0,17,2,9,62,0,0,37,60,0,38,36,70,62,42,83,22,20,9,3
86,14,19,14,0,6,2,0,17,2,23,31,0,0,36,35,19,40,53,71,63,85,55,21,19,8,1
87,14,19,14,0,3,2,0,17,2,17,63,0,37,45,61,0,38,54,0,22,86,84,22,20,9,3
88,14,19,14,0,7,2,0,17,2,4,64,0,0,33,62,0,41,35,72,60,87,85,22,20,9,3
89,14,19,14,0,6,2,0,17,2,0,65,0,0,35,63,0,38,42,66,44,88,86,22,20,9,3
90,14,19,14,0,2,2,0,17,2,17,63,0,38,35,41,0,37,41,0,47,86,87,22,20,9,3
91,14,19,14,0,6,2,0,17,2,0,56,0,37,37,64,0,38,41,0,44,89,88,22,20,9,3
92,14,19,14,0,6,2,0,17,2,0,0,19,47,46,13,3,48,55,73,64,90,89,24,22,5,4
93,14,20,14,0,4,2,0,18,2,31,66,0,38,35,57,0,41,42,74,32,91,90,22,20,9,3
94,14,19,14,0,6,2,0,17,2,0,39,0,0,37,65,9,49,56,43,65,92,55,21,19,8,1
95,14,19,14,0,1,2,0,17,2,3,67,19,48,47,13,7,50,39,75,66,58,64,23,21,5,1
96,14,19,14,0,3,2,0,17,2,34,62,0,0,35,66,0,41,41,76,67,91,91,22,20,9,3
97,14,19,14,0,6,2,0,17,2,23,68,0,38,33,60,0,38,39,77,47,93,92,22,20,9,3
98,14,19,14,0,8,2,0,17,2,7,42,19,49,48,35,18,51,57,78,68,58,64,23,21,5,1
99,14,19,14,0,1,2,0,17,2,0,58,0,50,33,54,0,41,39,42,42,94,93,22,20,9,3
100,14,19,14,0,1,2,0,17,2,0,69,0,37,28,67,0,41,39,79,55,95,94,22,20,9,3
101,14,19,14,0,8,2,0,17,2,35,70,0,37,37,68,9,49,58,80,69,96,55,21,19,8,1
102,14,19,14,0,1,2,0,17,2,6,47,0,37,28,42,0,0,39,79,40,97,95,22,20,9,3
103,14,19,14,0,1,2,0,17,2,36,2,3,51,28,69,0,41,41,44,70,56,96,22,20,9,3
104,14,19,14,0,1,2,0,17,2,23,71,0,37,4,51,0,38,59,81,62,98,97,22,20,9,3
105,14,19,14,0,6,2,0,17,2,37,72,0,0,33,62,0,52,35,56,70,99,98,22,20,9,3
106,14,20,14,0,4,2,0,18,2,0,39,0,43,36,35,18,40,52,51,71,100,55,21,19,8,1
107,14,19,14,0,1,2,0,17,2,30,73,0,37,34,70,0,41,36,82,40,101,99,22,20,9,3
108,14,19,14,0,1,2,0,17,2,0,0,0,0,49,13,14,53,36,77,72,58,64,23,21,5,1
109,14,19,14,0,10,2,0,17,2,16,74,0,52,37,65,0,0,36,42,73,86,100,22,20,9,3
110,14,19,14,0,1,2,0,17,2,31,40,19,53,41,13,14,54,60,38,74,58,64,23,21,5,1
111,14,19,14,0,1,2,0,17,2,20,75,19,47,50,13,3,55,41,67,75,58,64,23,21,5,1
112,14,19,14,0,6,2,0,17,2,20,76,19,47,51,13,3,56,36,77,76,58,64,23,21,5,1
113,14,19,14,0,6,2,0,17,2,0,39,0,37,33,71,0,0,35,53,77,102,101,22,20,9,3
114,14,19,14,0,6,2,0,17,2,3,28,19,49,52,35,21,49,61,62,78,103,55,21,19,8,1
115,14,19,14,0,6,2,0,17,2,17,77,0,54,35,72,0,38,41,76,47,104,102,22,20,9,3
116,14,19,14,0,6,2,0,17,2,20,38,19,39,53,35,21,39,62,83,79,105,55,21,19,8,1
117,14,19,14,0,6,2,0,17,2,30,78,0,37,34,52,0,38,63,68,47,41,103,22,20,9,3
118,14,19,14,0,1,2,0,17,2,1,15,11,55,54,73,8,48,41,40,80,58,64,23,21,5,1
119,14,19,14,0,1,2,0,17,2,0,39,0,37,28,69,0,38,39,84,42,106,104,22,20,9,3
120,14,19,14,0,6,2,0,17,2,7,79,0,37,33,74,9,57,64,43,69,107,55,21,19,8,1
121,14,19,14,0,6,2,0,17,2,28,80,0,56,2,75,0,38,65,38,60,57,105,22,20,9,3
122,14,19,14,0,1,2,0,17,2,38,60,0,38,49,35,18,58,53,85,81,108,55,21,19,8,1
123,14,19,14,0,2,2,0,17,2,39,28,0,0,28,76,9,40,66,86,82,109,55,21,19,8,1
124,14,19,14,0,1,2,0,17,2,15,69,0,0,28,51,0,41,39,55,83,110,106,22,20,9,3
125,14,19,14,0,1,2,0,17,2,3,47,0,37,35,17,9,39,49,43,84,111,55,21,19,8,1
126,14,19,14,0,1,2,0,17,2,1,15,11,51,15,19,22,49,67,87,64,90,89,24,22,5,5
127,14,19,14,0,1,2,0,17,2,0,56,19,40,55,35,18,42,61,83,85,112,55,21,19,8,1
128,14,19,14,0,1,2,0,17,2,0,39,0,57,28,77,0,38,39,88,55,113,107,12,20,9,3
129,14,19,14,0,1,2,0,17,2,7,81,0,37,37,78,0,41,41,89,39,114,108,22,20,9,3
130,14,19,14,0,10,2,0,17,2,3,28,0,0,22,79,0,38,68,90,49,79,109,22,20,9,3
131,14,19,14,0,1,2,0,17,2,0,39,0,37,35,80,9,39,69,39,86,115,55,21,19,8,1
132,14,19,14,0,8,2,0,17,2,1,15,4,58,15,81,23,39,49,91,64,90,89,24,22,5,6
133,14,19,14,0,6,2,0,17,2,6,28,19,49,56,13,8,59,70,29,87,58,64,23,21,5,1
134,14,19,14,0,10,2,0,17,2,40,82,0,38,33,43,0,38,35,44,67,46,110,22,20,9,3
135,14,19,14,0,8,2,0,17,2,0,83,0,59,57,17,0,38,63,74,39,116,111,22,20,9,3
136,14,19,14,0,6,2,0,17,2,4,64,0,0,37,47,0,38,41,53,88,117,112,22,20,9,3
137,14,19,14,0,1,2,0,17,2,6,84,19,39,58,35,18,40,71,71,89,118,55,21,19,8,1
138,14,19,14,0,6,2,0,17,2,6,51,0,37,33,64,0,38,35,0,40,119,113,22,20,9,3
139,14,20,14,0,4,2,0,18,2,28,44,19,44,59,13,6,60,72,77,90,58,64,23,21,5,1
140,14,19,14,0,8,2,0,17,2,41,85,19,47,56,13,3,59,12,14,91,58,64,23,21,5,1
141,14,19,14,0,8,2,0,17,2,7,86,0,37,37,82,9,49,61,92,92,120,55,21,19,8,1
142,14,19,14,0,2,2,0,17,2,42,87,0,0,34,83,0,38,36,84,93,121,114,22,20,9,3
143,14,19,14,0,1,2,0,17,2,0,39,2,60,37,62,0,41,36,82,94,122,115,22,20,9,3
144,14,19,14,0,10,2,0,17,2,15,53,0,37,33,68,0,41,35,93,46,57,116,22,20,9,3
145,14,19,14,0,6,2,0,17,2,23,88,0,37,37,64,0,38,41,0,95,101,117,22,20,9,3
146,14,19,14,0,2,2,0,17,2,1,15,6,61,15,84,24,40,73,94,64,90,89,24,22,5,7
147,14,19,14,0,6,2,0,17,2,43,87,0,37,34,67,0,41,36,79,62,123,118,22,20,9,3
148,14,19,14,0,1,2,0,17,2,0,39,0,38,28,37,0,38,39,75,42,124,119,22,20,9,3
149,14,19,14,0,6,2,0,17,2,0,41,0,37,28,85,0,38,39,95,42,125,120,22,20,9,3
150,14,19,14,0,1,2,0,17,2,0,39,0,0,28,42,0,41,39,42,42,76,121,22,20,9,3
151,14,19,14,0,6,2,0,17,2,20,75,0,37,57,86,0,41,57,96,47,46,122,22,20,9,3
152,14,19,14,0,6,2,0,17,2,28,89,0,37,34,42,0,38,36,42,49,126,123,22,20,9,3
153,14,19,14,0,5,2,0,17,2,33,90,0,37,33,36,0,38,35,56,96,86,124,22,20,9,3
154,14,19,14,0,11,2,0,17,2,3,91,0,37,34,69,0,38,36,84,53,27,125,22,20,9,3
155,14,19,14,0,11,2,0,17,2,0,39,0,62,35,87,0,38,42,97,55,127,126,22,20,9,3
156,14,19,14,0,11,2,0,17,2,0,39,19,63,54,88,4,61,39,98,97,58,64,23,21,5,1
157,14,19,14,0,8,2,0,17,2,0,58,0,0,28,56,0,0,39,82,42,87,127,22,20,9,3
158,14,19,14,0,8,2,0,17,2,0,39,0,57,37,43,0,0,41,40,94,52,128,22,20,9,3
159,14,19,14,0,11,2,0,17,2,0,41,0,37,36,35,18,40,50,51,98,128,55,21,19,8,1
160,14,19,14,0,5,2,0,17,2,23,92,0,0,34,56,0,38,36,99,99,129,129,22,20,9,3
161,14,19,14,0,2,2,0,17,2,43,70,0,54,28,69,0,41,39,38,88,79,130,22,20,9,3
162,14,19,14,0,9,2,0,17,2,6,93,19,53,60,35,18,58,74,100,100,130,55,21,19,8,1
163,14,19,14,0,8,2,0,17,2,0,0,3,64,34,76,0,38,57,101,39,64,131,22,20,9,3
164,14,19,14,0,8,2,0,17,2,0,94,0,0,33,68,0,41,35,53,42,94,132,22,20,9,3
165,14,19,14,0,8,2,0,17,2,17,95,0,0,33,60,0,38,39,70,101,87,133,22,20,9,3
166,14,19,14,0,5,2,0,17,2,21,75,0,0,34,76,0,41,36,82,46,87,134,22,20,9,3
167,14,19,14,0,11,2,0,17,2,0,39,0,37,34,46,0,38,63,50,53,131,135,22,20,9,3
168,14,19,14,0,11,2,0,17,2,0,39,0,37,28,69,0,38,39,84,42,106,136,22,20,9,3
169,14,19,14,0,11,2,0,17,2,0,96,19,65,61,35,18,62,75,83,45,132,55,21,19,8,1
170,14,19,14,0,5,2,0,17,2,35,97,0,38,33,54,0,38,39,70,102,133,55,21,19,8,1
171,14,19,14,0,8,2,0,17,2,7,44,0,0,34,42,0,41,36,42,39,114,137,22,20,9,3
172,14,19,14,0,2,2,0,17,2,1,98,20,66,62,35,18,63,76,80,103,134,55,21,19,8,1
173,14,19,14,0,8,2,0,17,2,8,99,0,0,36,35,21,40,50,102,104,135,55,21,19,8,1
174,14,19,14,0,11,2,0,17,2,3,28,19,53,63,13,14,64,63,74,105,58,64,23,21,5,1
175,14,19,14,0,8,2,0,17,2,17,61,0,37,33,65,0,38,35,44,39,136,138,22,20,9,3
176,14,19,14,0,8,2,0,17,2,0,0,0,0,34,67,0,41,36,99,94,76,139,22,20,9,3
177,14,19,14,0,5,2,0,17,2,0,100,14,67,34,40,0,65,70,103,99,86,140,22,20,9,3
178,14,19,14,0,3,2,0,17,2,30,57,19,53,64,35,21,58,50,104,106,137,55,21,19,8,1
179,14,19,14,0,11,2,0,17,2,1,15,3,68,15,1,25,57,77,105,64,90,89,24,22,5,8
180,14,19,14,0,11,2,0,17,2,3,101,0,0,37,89,9,49,78,62,107,138,55,21,19,8,1
181,14,19,14,0,5,2,0,17,2,6,102,19,49,65,13,8,66,70,106,108,58,64,23,21,5,1
182,14,19,14,0,5,2,0,17,2,1,36,18,63,15,84,26,40,79,107,64,90,89,24,22,5,9
183,14,19,14,0,5,2,0,17,2,0,0,19,39,66,13,4,32,39,55,109,58,64,23,21,5,1
184,14,19,14,0,2,2,0,17,2,15,53,0,38,28,77,0,38,39,55,83,101,141,22,20,9,3
185,14,19,14,0,7,2,0,17,2,44,90,0,37,67,36,0,38,57,56,110,86,142,22,20,9,3
186,14,19,14,0,11,2,0,17,2,21,103,19,39,68,13,4,67,65,108,111,58,64,23,21,5,1
187,14,19,14,0,11,2,0,17,2,33,104,0,0,33,39,9,57,64,109,112,58,64,23,21,5,1
188,14,19,14,0,2,2,0,17,2,45,105,0,37,33,65,0,38,35,44,113,139,143,22,20,9,3
189,14,19,14,0,11,2,0,17,2,30,78,19,47,69,35,21,57,80,92,114,140,55,21,19,8,1
190,14,19,14,0,9,2,0,17,2,13,106,19,40,70,35,21,42,58,69,61,141,55,21,19,8,1
191,14,19,14,0,9,2,0,17,2,46,74,19,39,53,35,21,39,62,110,38,142,55,21,19,8,1
192,14,19,14,0,11,2,0,17,2,0,39,0,37,33,82,0,41,35,111,77,143,144,22,20,9,3
193,14,19,14,0,9,2,0,17,2,0,39,0,37,35,90,0,41,42,74,44,144,145,22,20,9,3
194,14,19,14,0,9,2,0,17,2,7,37,0,50,35,91,0,68,42,112,53,131,146,22,20,9,3
195,14,19,14,0,11,2,0,17,2,3,47,19,65,71,35,18,62,37,83,115,145,55,21,19,8,1
196,14,19,14,0,9,2,0,17,2,0,0,0,0,18,92,0,41,26,113,9,146,147,22,20,9,3
197,14,19,14,0,11,2,0,17,2,35,107,19,49,72,13,8,69,11,103,116,58,64,23,21,5,1
198,14,19,14,0,9,2,0,17,2,31,104,0,38,33,93,0,38,35,0,117,46,148,22,20,9,3
199,14,19,14,0,5,2,0,17,2,23,86,0,69,31,33,0,38,18,114,118,147,149,22,20,9,3
200,14,19,14,0,9,2,0,17,2,1,36,21,53,73,35,18,62,81,92,119,148,55,21,19,8,1
201,14,19,14,0,9,2,0,17,2,21,69,4,70,35,17,0,65,82,115,78,149,55,21,19,8,1
202,14,19,14,0,11,2,0,17,2,17,38,0,38,34,49,0,41,36,55,95,101,150,22,20,9,3
203,14,19,14,0,3,2,0,17,2,0,69,0,0,34,76,27,45,66,104,120,150,55,21,19,8,1
204,14,19,14,0,9,2,0,17,2,17,76,0,37,28,85,0,41,39,116,40,147,151,22,20,9,3
205,14,19,14,0,3,2,0,17,2,30,108,0,0,28,42,9,40,53,83,121,151,55,21,19,8,1
206,14,19,14,0,3,2,0,17,2,0,69,0,0,28,40,9,40,74,39,92,152,55,21,19,8,1
207,14,19,14,0,5,2,0,17,2,47,15,22,71,74,94,28,45,47,117,64,90,89,24,22,5,10
208,14,19,14,0,3,2,0,17,2,17,63,0,37,33,95,0,41,39,61,101,76,152,22,20,9,3
209,14,19,14,0,3,2,0,17,2,28,79,0,0,57,44,0,38,63,118,95,153,153,22,20,9,3
210,14,19,14,0,11,2,0,17,2,48,69,0,0,37,78,9,49,83,119,122,154,55,21,19,8,1
211,14,19,14,0,11,2,0,17,2,15,90,0,37,33,43,0,38,35,64,99,41,154,22,20,9,3
212,14,19,14,0,5,2,0,17,2,0,39,0,0,33,60,9,70,39,77,123,58,64,23,21,5,1
213,14,19,14,0,3,2,0,17,2,7,31,0,0,28,83,0,38,39,84,44,102,155,22,20,9,3
214,14,19,14,0,11,2,0,17,2,0,39,0,0,35,44,0,38,42,118,55,155,156,22,20,9,3
215,14,19,14,0,11,2,0,17,2,4,28,0,37,37,65,0,38,41,44,113,71,157,22,20,9,3
216,14,19,14,0,3,2,0,17,2,30,84,19,72,54,88,14,61,68,120,124,58,64,23,21,5,1
217,14,19,14,0,11,2,0,17,2,28,109,19,47,75,35,19,70,57,93,125,58,64,23,21,5,1
218,14,19,14,0,11,2,0,17,2,3,110,0,0,0,96,0,41,0,121,113,97,158,22,20,9,3
219,14,19,14,0,5,2,0,17,2,0,39,0,0,22,97,0,41,68,20,40,97,159,22,20,9,3
220,14,19,14,0,3,2,0,17,2,7,37,0,0,28,76,9,40,66,62,126,156,55,21,19,8,1
221,14,19,14,0,3,2,0,17,2,23,31,19,63,54,88,4,61,84,122,127,58,64,23,21,5,1
222,14,19,14,0,9,2,0,17,2,20,111,0,37,67,54,9,42,77,36,128,157,55,21,19,8,1
223,14,19,14,0,3,2,0,17,2,0,41,0,37,34,42,9,58,85,62,129,158,55,21,19,8,1
224,14,19,14,0,3,2,0,17,2,0,39,0,0,35,98,9,49,86,43,130,159,55,21,19,8,1
225,14,19,14,0,11,2,0,17,2,45,28,2,60,33,65,9,40,73,123,131,160,55,21,19,8,1
226,14,19,14,0,11,2,0,17,2,49,106,0,37,76,35,18,45,50,57,69,161,55,21,19,8,1
227,14,19,14,0,3,2,0,17,2,22,112,0,0,27,92,0,41,70,113,110,13,160,22,20,9,3
228,14,19,14,0,9,2,0,17,2,38,113,0,73,35,66,0,38,41,40,132,162,161,22,20,9,3
229,14,19,14,0,0,2,0,17,2,7,44,19,44,77,13,6,71,36,99,133,58,64,23,21,5,1
230,14,19,14,0,3,2,0,17,2,8,28,19,53,68,35,18,58,53,124,52,163,55,21,19,8,1
231,14,19,14,0,7,2,0,17,2,46,114,0,37,34,99,9,58,87,115,134,164,55,21,19,8,1
232,14,19,14,0,11,2,0,17,2,30,50,0,0,35,66,0,41,41,76,101,165,162,22,20,9,3
233,14,19,14,0,5,2,3,17,2,31,90,23,74,54,88,29,72,88,125,135,58,64,23,21,5,1
234,14,19,14,0,11,2,0,17,2,28,81,0,37,34,69,0,38,36,84,49,126,163,22,20,9,3
235,14,19,14,0,11,2,0,17,2,0,56,0,52,28,40,0,38,42,68,55,166,164,22,20,9,3
236,14,19,14,0,5,2,0,17,2,1,36,24,44,78,13,6,60,42,50,136,58,64,23,21,5,1
237,14,19,14,0,9,2,0,17,2,6,115,19,49,79,35,18,49,64,36,137,167,55,21,19,8,1
238,14,19,14,0,5,2,0,17,2,41,116,0,0,28,51,0,41,39,55,2,91,165,22,20,9,3
239,14,19,14,0,2,2,0,17,2,22,28,0,62,37,100,0,38,41,37,4,153,166,22,20,9,3
240,14,19,14,0,11,2,0,17,2,50,117,0,0,33,62,0,41,35,72,138,98,167,22,20,9,3
241,14,19,14,0,5,2,0,17,2,0,39,19,53,68,35,18,58,53,62,51,168,55,21,19,8,1
242,14,19,14,0,3,2,0,17,2,51,118,0,38,28,76,0,0,39,126,32,169,168,22,20,9,3
243,14,19,14,0,3,2,0,17,2,23,8,19,65,47,35,19,42,86,124,86,170,55,21,19,8,1
244,14,19,14,0,3,2,0,17,2,4,28,0,0,34,37,0,41,36,38,117,104,169,22,20,9,3
245,14,19,14,0,5,2,0,17,2,0,100,19,65,42,13,15,7,57,67,139,58,64,23,21,5,1
246,14,19,14,0,3,2,0,17,2,0,39,0,0,37,36,0,38,41,58,44,116,170,22,20,9,3
247,14,19,14,0,11,2,0,17,2,20,111,0,0,33,64,0,41,35,0,44,171,171,22,20,9,3
248,14,19,14,0,3,2,0,17,2,30,119,0,37,35,41,0,38,41,127,101,77,172,22,20,9,3
249,14,19,14,0,11,2,0,17,2,20,38,19,47,69,35,21,57,80,62,140,172,55,21,19,8,1
250,14,19,14,0,3,2,0,17,2,4,113,0,38,35,44,0,41,42,46,88,57,173,22,20,9,3
251,14,19,14,0,0,2,0,17,2,0,69,19,40,52,35,21,42,61,128,141,58,64,23,21,5,1
252,14,19,14,0,0,2,0,17,2,28,107,0,37,67,36,0,38,57,56,95,56,174,22,20,9,3
253,14,19,14,0,9,2,0,17,2,7,71,0,52,33,65,0,38,39,84,44,173,175,22,20,9,3
254,14,19,14,0,7,2,0,17,2,36,120,23,49,72,35,21,42,89,129,142,174,55,21,19,8,1
255,14,19,14,0,9,2,0,17,2,15,121,0,0,35,41,0,44,41,0,60,175,176,22,20,9,3
256,14,19,14,0,9,2,0,17,2,20,63,0,0,33,47,9,57,58,130,143,58,64,23,21,5,1
257,14,19,14,0,9,2,0,17,2,20,122,19,40,69,35,21,42,80,71,144,176,55,21,19,8,1
258,14,19,14,0,7,2,0,17,2,33,59,19,65,80,35,30,42,61,123,145,177,55,21,19,8,1
259,14,19,14,0,11,2,0,17,2,13,74,2,70,43,57,0,41,35,64,117,169,177,22,20,9,3
260,14,19,14,0,5,2,0,17,2,40,74,0,43,34,40,9,62,90,131,146,178,55,21,19,8,1
261,14,19,14,0,9,2,0,17,2,8,123,0,75,57,66,0,37,57,101,60,179,178,22,20,9,3
262,14,19,14,0,11,2,0,17,2,3,28,0,0,6,101,0,41,48,132,60,180,179,22,20,9,3
263,14,19,14,0,3,2,0,17,2,21,124,0,75,67,54,0,41,72,98,60,181,180,22,20,9,3
264,14,19,14,0,5,2,0,17,2,52,121,0,37,37,54,0,38,91,133,147,182,55,21,19,8,1
265,14,19,14,0,3,2,0,17,2,8,125,19,53,81,35,18,58,52,124,81,183,55,21,19,8,1
266,14,19,14,0,3,2,0,17,2,46,82,0,0,33,47,0,37,35,44,99,46,181,22,20,9,3
267,14,19,14,0,7,2,0,17,2,32,126,19,53,41,102,31,62,69,134,148,184,55,21,19,8,1
268,14,19,14,0,5,2,0,17,2,7,8,0,0,49,35,21,58,50,83,149,185,55,21,19,8,1
269,14,19,14,0,5,2,0,17,2,28,31,0,0,33,60,0,73,39,95,101,186,182,22,20,9,3
270,14,19,14,0,3,2,0,17,2,0,58,0,37,28,76,9,40,92,51,150,187,55,21,19,8,1
271,14,19,14,0,0,2,0,17,2,1,36,25,65,82,35,18,62,38,92,151,188,55,21,19,8,1
272,14,19,14,0,7,2,0,17,2,53,127,19,49,83,13,8,2,93,135,152,58,64,23,21,5,1
273,14,19,14,0,11,2,0,17,2,3,57,0,57,28,76,0,41,39,95,44,104,183,22,20,9,3
274,14,19,14,0,0,2,0,17,2,0,128,0,59,57,103,0,38,57,76,39,49,184,22,20,9,3
275,14,19,14,0,3,2,0,17,2,0,129,0,0,67,54,0,41,82,136,59,189,55,21,19,8,1
276,14,19,14,0,7,2,0,17,2,0,39,6,76,37,100,0,38,57,44,153,190,55,21,19,8,1
277,14,19,14,0,7,2,0,17,2,3,57,0,0,33,65,0,41,35,44,55,27,185,22,20,9,3
278,14,19,14,0,7,2,0,17,2,54,112,0,0,34,42,0,41,36,42,25,191,186,22,20,9,3
279,14,19,14,0,0,2,0,17,2,30,130,19,53,84,13,14,74,68,137,154,58,64,23,21,5,1
280,14,19,14,0,0,2,0,17,2,1,15,14,77,15,94,32,58,94,138,64,90,89,24,22,5,11
281,14,19,14,0,0,2,0,17,2,30,57,19,65,80,35,33,62,38,36,155,192,55,21,19,8,1
282,14,19,14,0,9,2,0,17,2,23,79,0,37,37,64,0,0,41,111,95,193,187,22,20,9,3
283,14,19,14,0,9,2,0,17,2,3,50,0,0,35,17,9,39,95,62,129,194,55,21,19,8,1
284,14,19,14,0,7,2,0,17,2,0,41,0,37,28,50,0,41,39,126,42,87,188,22,20,9,3
285,14,19,14,0,0,2,0,17,2,0,41,19,47,56,13,3,59,35,37,156,58,64,23,21,5,1
286,14,19,14,0,9,2,0,17,2,17,76,0,37,33,64,0,38,35,0,39,136,189,22,20,9,3
287,14,19,14,0,0,2,0,17,2,17,52,0,0,33,43,0,41,35,64,101,122,190,22,20,9,3
288,14,19,14,0,0,2,0,17,2,0,39,0,0,49,35,18,58,40,62,157,195,55,21,19,8,1
289,14,19,14,0,7,2,0,17,2,21,52,19,65,85,35,21,62,96,139,158,196,55,21,19,8,1
290,14,19,14,0,3,2,0,17,2,7,79,19,39,41,13,4,54,41,53,159,58,64,23,21,5,1
291,14,19,14,0,7,2,0,17,2,17,69,7,56,34,51,9,75,75,123,69,197,55,21,19,8,1
292,14,19,14,0,11,2,0,17,2,30,130,11,78,37,65,0,41,84,132,46,123,191,22,20,9,3
293,14,19,14,0,3,2,0,17,2,20,124,19,36,86,35,18,36,34,110,160,198,55,21,19,8,1
294,14,19,14,0,7,2,0,17,2,45,28,0,0,36,35,21,40,50,140,61,199,55,21,19,8,1
295,14,19,14,0,9,2,0,17,2,15,131,19,39,53,13,4,76,97,14,161,58,64,23,21,5,1
296,14,19,14,0,0,2,0,17,2,1,36,18,79,87,13,34,7,97,25,162,58,64,23,21,5,1
297,14,19,14,0,3,2,0,17,2,46,132,0,37,49,35,33,58,53,139,144,200,55,21,19,8,1
298,14,19,14,0,5,2,0,17,2,55,133,3,80,12,75,9,77,98,141,163,201,55,21,19,8,1
299,14,19,14,0,5,2,0,17,2,0,39,2,70,28,46,0,41,41,96,44,114,192,22,20,9,3
300,14,19,14,0,7,2,0,17,2,21,134,0,37,34,67,0,38,36,99,46,87,193,22,20,9,3
301,14,19,14,0,5,2,0,17,2,46,135,0,0,0,104,0,41,0,142,70,193,194,22,20,9,3
302,14,19,14,0,9,2,0,17,2,31,104,0,0,76,13,35,53,99,30,164,58,64,23,21,5,1
303,14,19,14,0,9,2,0,17,2,35,97,0,0,35,91,0,38,42,50,132,119,195,22,20,9,3
304,14,19,14,0,0,2,0,17,2,8,64,0,37,33,54,9,57,77,102,104,202,55,21,19,8,1
305,14,19,14,0,7,2,0,17,2,8,85,0,0,34,85,9,58,100,139,165,203,55,21,19,8,1
306,14,19,14,0,0,2,0,17,2,20,95,19,65,88,35,21,62,101,71,158,204,55,21,19,8,1
307,14,19,14,0,0,2,0,17,2,7,81,0,54,40,52,0,41,68,137,95,14,196,22,20,9,3
308,14,19,14,0,0,2,0,17,2,30,136,0,57,33,89,0,0,55,92,41,205,55,21,19,8,1
309,14,19,14,0,0,2,0,17,2,20,75,0,37,37,39,0,38,41,143,101,186,197,22,20,9,3
310,14,19,14,0,7,2,0,17,2,17,45,2,60,37,93,9,58,50,36,160,206,55,21,19,8,1
311,14,19,14,0,0,2,0,17,2,0,56,0,37,36,35,18,40,50,51,157,207,55,21,19,8,1
312,14,19,14,0,0,2,0,17,2,43,137,9,81,35,105,0,0,65,144,166,208,55,21,19,8,1
313,14,19,14,0,0,2,0,17,2,15,131,19,44,59,35,21,39,37,124,167,209,55,21,19,8,1
314,14,19,14,0,0,2,0,17,2,20,63,0,59,33,68,0,38,35,44,94,77,198,22,20,9,3
315,14,19,14,0,9,2,0,17,2,6,28,0,0,22,106,0,41,68,25,102,210,55,21,19,8,1
316,14,19,14,0,9,2,0,17,2,23,138,0,82,17,107,0,0,102,132,113,97,199,22,20,9,3
317,14,19,14,0,0,2,0,17,2,40,120,0,0,57,45,0,41,63,145,168,87,200,22,20,9,3
318,14,19,14,0,7,2,0,17,2,7,81,0,37,27,108,9,36,103,110,146,211,55,21,19,8,1
319,14,19,14,0,7,2,0,17,2,2,139,0,0,89,32,0,38,104,146,169,79,201,22,20,9,3
320,14,19,14,0,9,2,0,17,2,45,140,0,37,35,105,0,41,42,147,62,42,202,22,20,9,3
321,14,19,14,0,0,2,0,17,2,17,75,0,37,33,78,0,41,35,89,39,171,203,22,20,9,3
322,14,19,14,0,7,2,0,17,2,56,104,2,83,28,85,0,0,41,0,170,46,204,22,20,9,3
323,14,19,14,0,0,2,0,17,2,17,134,6,18,35,17,0,0,57,96,99,91,205,22,20,9,3
324,14,19,14,0,0,2,0,17,2,1,36,25,53,68,35,19,58,71,148,171,212,55,21,19,8,1
325,14,19,14,0,9,2,0,17,2,8,113,19,39,60,35,18,40,74,100,131,213,55,21,19,8,1
326,14,19,14,0,5,2,0,17,2,20,141,0,0,57,72,0,44,63,74,47,214,206,22,20,9,3
327,14,19,14,0,7,2,0,17,2,0,142,0,41,33,65,0,0,39,70,42,106,207,22,20,9,3
328,14,19,14,0,0,2,0,17,2,4,140,0,37,35,103,0,38,42,47,88,215,208,22,20,9,3
329,14,19,14,0,5,2,0,17,2,9,53,19,49,83,35,18,49,105,149,172,216,55,21,19,8,1
330,14,19,14,0,7,2,0,17,2,16,137,0,0,28,52,0,38,42,150,173,180,209,22,20,9,3
331,14,19,14,0,0,2,0,17,2,20,134,0,0,57,17,9,62,95,104,82,217,55,21,19,8,1
332,14,19,14,0,7,2,0,17,2,57,143,2,84,33,62,0,38,39,82,174,218,210,22,20,9,3
333,14,19,14,0,0,2,0,17,2,58,66,0,38,34,67,0,41,36,82,175,146,211,22,20,9,3
334,14,19,14,0,5,2,0,17,2,13,107,0,0,28,40,9,40,74,123,63,219,55,21,19,8,1
335,14,19,14,0,0,2,0,17,2,59,99,0,37,33,54,9,57,77,69,176,220,55,21,19,8,1
336,14,19,14,0,7,2,0,17,2,20,45,0,37,28,50,0,41,39,126,53,27,212,22,20,9,3
337,14,19,14,0,7,2,0,17,2,30,91,0,41,37,64,0,41,41,72,101,122,213,22,20,9,3
338,14,19,14,0,0,2,0,17,2,59,118,19,63,54,88,4,61,26,25,177,58,64,23,21,5,1
339,14,19,14,0,5,2,0,17,2,8,99,0,0,28,109,0,38,39,95,95,110,214,22,20,9,3
340,14,19,14,0,0,2,0,17,2,0,41,19,49,72,35,21,49,89,43,84,221,55,21,19,8,1
341,14,19,14,0,5,2,0,17,2,8,72,0,0,67,54,0,41,82,85,178,222,55,21,19,8,1
342,14,19,14,0,9,2,0,17,2,38,126,19,29,54,73,36,78,26,151,179,58,64,23,21,5,1
343,14,19,14,0,0,2,0,17,2,6,144,0,0,33,68,9,57,106,104,120,223,55,21,19,8,1
344,14,19,14,0,0,2,0,17,2,28,145,0,38,37,43,9,49,78,71,144,224,55,21,19,8,1
345,14,19,14,0,5,2,0,17,2,59,140,0,37,37,95,0,41,36,61,170,225,215,22,20,9,3
346,14,19,14,0,8,2,0,17,2,0,39,0,37,35,38,0,0,42,63,55,226,216,22,20,9,3
347,14,19,14,0,9,2,0,17,2,9,117,3,22,35,66,0,41,63,152,23,56,217,22,20,9,3
348,14,19,14,0,9,2,0,17,2,38,64,26,78,28,40,0,38,84,59,23,153,218,22,20,9,3
349,14,19,14,0,0,2,0,17,2,20,124,0,0,35,110,0,38,42,47,39,49,219,22,20,9,3
350,14,19,14,0,9,2,0,17,2,15,69,0,52,34,51,0,38,63,153,0,169,220,22,20,9,3
351,14,19,14,0,5,2,0,17,2,33,146,19,40,48,35,18,79,4,60,180,58,64,23,21,5,1
352,14,20,14,0,4,2,0,18,2,16,74,0,37,33,82,0,41,35,111,23,110,221,22,20,9,3
353,14,20,14,0,4,2,0,18,2,40,106,0,85,37,47,9,58,50,154,69,227,55,21,19,8,1
354,14,19,14,0,10,2,0,17,2,30,50,0,0,28,76,0,37,39,41,39,228,222,22,20,9,3
355,14,19,14,0,6,2,0,17,2,28,138,0,0,43,66,0,0,35,78,53,69,223,22,20,9,3
356,14,19,14,0,10,2,0,17,2,60,55,19,44,78,13,6,80,26,29,181,58,64,23,21,5,1
357,14,19,14,0,6,2,0,17,2,23,107,0,0,9,0,9,77,107,65,182,229,55,21,19,8,1
358,14,19,14,0,6,2,0,17,2,20,38,14,56,34,69,0,41,65,81,83,101,224,22,20,9,3
359,14,19,14,0,8,2,0,17,2,0,41,0,37,33,62,0,38,35,72,77,49,225,22,20,9,3
360,14,19,14,0,8,2,0,17,2,31,147,14,86,43,86,0,41,57,89,73,86,226,22,20,9,3
361,14,19,14,0,8,2,0,17,2,30,78,4,81,35,66,0,0,72,155,99,230,227,22,20,9,3
362,14,19,14,0,8,2,0,17,2,4,85,0,38,28,52,0,37,42,153,183,231,55,21,19,8,1
363,14,19,14,0,8,2,0,17,2,7,145,0,37,57,111,0,41,57,127,40,101,228,22,20,9,3
364,14,19,14,0,10,2,0,17,2,7,109,0,0,28,67,0,41,39,99,94,232,229,22,20,9,3
365,14,20,14,0,4,2,0,18,2,0,39,0,0,35,72,0,38,42,112,55,233,230,22,20,9,3
366,14,19,14,0,8,2,0,17,2,21,77,0,37,22,112,0,0,68,103,0,225,231,22,20,9,3
367,14,19,14,0,8,2,0,17,2,30,136,0,0,33,36,0,52,35,64,53,95,232,22,20,9,3
368,14,19,14,0,2,2,0,17,2,36,132,0,37,28,49,0,0,39,55,6,59,233,22,20,9,3
369,14,19,14,0,8,2,0,17,2,3,57,0,0,57,45,0,38,63,48,39,136,234,22,20,9,3
370,14,19,14,0,8,2,0,17,2,7,107,3,87,28,42,0,38,91,83,69,234,55,21,19,8,1
371,14,20,14,0,4,2,0,18,2,21,77,6,88,28,69,0,0,36,75,46,117,235,22,20,9,3
372,14,20,14,0,4,2,0,18,2,0,39,0,0,33,60,0,38,39,70,42,77,236,22,20,9,3
373,14,19,14,0,8,2,0,17,2,6,101,0,41,33,58,0,0,35,56,101,122,237,22,20,9,3
374,14,20,14,0,4,2,0,18,2,6,148,0,89,28,42,0,38,42,68,47,230,238,22,20,9,3
375,14,19,14,0,8,2,0,17,2,35,106,0,0,33,68,0,41,35,53,83,50,239,22,20,9,3
376,14,20,14,0,4,2,0,18,2,52,90,2,90,57,17,9,42,78,156,63,235,55,21,19,8,1
377,14,19,14,0,1,2,0,17,2,35,2,0,0,43,44,0,41,51,74,46,181,240,22,20,9,3
378,14,19,14,0,8,2,0,17,2,6,130,0,0,34,85,0,52,36,38,95,236,241,22,20,9,3
379,14,19,14,0,8,2,0,17,2,0,39,0,50,28,83,0,38,39,95,42,87,242,22,20,9,3
380,14,19,14,0,1,2,0,17,2,46,2,0,41,28,46,9,39,108,110,184,237,55,21,19,8,1
381,14,19,14,0,1,2,0,17,2,17,45,19,47,72,35,18,57,67,136,185,238,55,21,19,8,1
382,14,19,14,0,2,2,0,17,2,28,79,0,54,33,54,0,41,39,82,39,61,243,22,20,9,3
383,14,20,14,0,4,2,0,18,2,53,149,19,39,38,13,4,34,109,157,186,58,64,23,21,5,1
384,14,19,14,0,2,2,0,17,2,28,71,3,80,35,45,0,0,36,82,47,41,244,22,20,9,3
385,14,19,14,0,8,2,0,17,2,0,58,2,91,33,68,0,81,42,158,44,144,245,22,20,9,3
386,14,19,14,0,8,2,0,17,2,47,36,18,44,90,35,37,39,110,92,187,239,55,21,19,8,1
387,14,19,14,0,2,2,0,17,2,28,88,0,52,36,35,21,40,111,136,59,240,55,21,19,8,1
388,14,19,14,0,8,2,0,17,2,0,39,0,0,67,58,0,38,57,67,39,49,246,22,20,9,3
389,14,19,14,0,8,2,0,17,2,30,47,0,37,33,65,0,0,35,143,53,241,247,22,20,9,3
390,14,19,14,0,8,2,0,17,2,38,113,0,0,37,100,0,38,41,101,132,153,248,22,20,9,3
391,14,20,14,0,4,2,0,18,2,23,42,19,47,75,35,21,57,77,71,89,242,55,21,19,8,1
392,14,19,14,0,8,2,0,17,2,0,39,0,37,35,44,9,39,112,39,188,243,55,21,19,8,1
393,14,19,14,0,8,2,0,17,2,0,39,19,47,91,13,3,82,35,101,189,58,64,23,21,5,1
394,14,19,14,0,8,2,0,17,2,7,145,0,38,37,58,0,0,41,89,39,228,249,22,20,9,3
395,14,19,14,0,8,2,0,17,2,7,31,0,0,35,98,9,49,86,92,190,244,55,21,19,8,1
396,14,19,14,0,8,2,0,17,2,0,129,0,62,28,76,0,41,39,38,55,67,250,22,20,9,3
397,14,19,14,0,8,2,0,17,2,0,41,19,47,69,35,18,57,113,159,191,245,55,21,19,8,1
398,14,19,14,0,9,2,0,17,2,0,69,0,0,35,66,0,41,41,76,44,102,251,22,20,9,3
399,14,19,14,0,9,2,0,17,2,0,150,0,37,35,45,0,68,42,153,55,246,252,22,20,9,3
400,14,19,14,0,8,2,0,17,2,35,107,0,38,28,59,0,0,42,48,60,247,253,22,20,9,3
401,14,20,14,0,4,2,0,18,2,43,151,0,37,37,62,9,49,114,123,69,248,55,21,19,8,1
402,14,19,14,0,1,2,0,17,2,7,43,0,0,35,66,9,39,115,92,92,249,55,21,19,8,1
403,14,19,14,0,7,2,0,17,2,43,87,0,37,35,66,0,38,41,76,113,101,254,22,20,9,3
404,14,19,14,0,1,2,0,17,2,7,81,0,37,40,99,9,45,87,36,78,250,55,21,19,8,1
405,14,19,14,0,3,2,0,17,2,38,64,0,0,57,48,0,41,63,25,0,41,255,22,20,9,3
406,14,19,14,0,3,2,0,17,2,3,47,0,75,34,69,0,38,36,160,53,246,256,22,20,9,3
407,14,19,14,0,3,2,0,17,2,61,36,27,65,59,35,21,62,75,124,86,251,55,21,19,8,1
408,14,19,14,0,1,2,0,17,2,1,36,18,49,48,35,18,58,79,62,192,252,55,21,19,8,1
409,14,19,14,0,8,2,0,17,2,0,39,0,57,57,113,9,62,69,92,86,253,55,21,19,8,1
410,14,19,14,0,1,2,0,17,2,37,64,19,39,38,35,18,40,73,161,165,254,55,21,19,8,1
411,14,19,14,0,2,2,0,17,2,17,77,0,56,34,77,0,38,63,25,95,110,257,22,20,9,3
412,14,19,14,0,3,2,0,17,2,28,86,0,50,40,42,9,45,74,100,144,255,55,21,19,8,1
413,14,20,14,0,4,2,0,18,2,38,28,0,37,34,46,0,41,63,162,0,214,258,22,20,9,3
414,14,19,14,0,11,2,0,17,2,33,66,0,0,28,42,0,41,39,42,132,99,259,22,20,9,3
415,14,19,14,0,7,2,0,17,2,0,39,0,0,28,56,0,37,39,95,42,87,260,22,20,9,3
416,14,19,14,0,9,2,0,17,2,30,67,0,37,37,82,9,49,61,104,8,256,55,21,19,8,1
417,14,19,14,0,11,2,0,17,2,3,73,0,37,35,45,0,38,42,145,44,74,261,22,20,9,3
418,14,20,14,0,4,2,0,18,2,23,42,19,92,38,35,21,45,116,109,193,58,64,23,21,5,1
419,14,19,14,0,6,2,0,17,2,0,39,0,38,57,80,0,0,63,112,53,233,262,22,20,9,3
420,14,19,14,0,0,2,0,17,2,7,138,19,53,92,13,14,83,72,99,194,58,64,23,21,5,1
421,14,19,14,0,0,2,0,17,2,3,73,0,38,37,65,0,52,36,61,53,27,263,22,20,9,3
422,14,19,14,0,7,2,0,17,2,30,115,0,37,35,41,0,38,41,127,101,52,264,22,20,9,3
423,14,19,14,0,3,2,0,17,2,17,77,0,37,35,111,0,41,41,127,47,191,265,22,20,9,3
424,14,19,14,0,1,2,0,17,2,0,39,0,37,37,64,0,38,41,0,44,228,266,22,20,9,3
425,14,19,14,0,1,2,0,17,2,0,39,0,54,34,85,0,38,63,150,53,166,267,22,20,9,3
426,14,19,14,0,8,2,0,17,2,0,152,0,0,28,77,0,38,39,75,55,27,268,22,20,9,3
427,14,19,14,0,0,2,0,17,2,7,79,19,49,75,13,8,84,57,0,195,58,64,23,21,5,1
428,14,19,14,0,9,2,0,17,2,0,128,0,37,37,74,9,49,64,62,98,257,55,21,19,8,1
429,14,19,14,0,1,2,0,17,2,28,71,19,53,73,35,18,58,87,36,184,258,55,21,19,8,1
430,14,19,14,0,9,2,0,17,2,0,41,0,69,35,57,0,41,41,163,44,259,269,22,20,9,3
431,14,19,14,0,0,2,0,17,2,28,80,0,0,37,36,0,41,41,56,47,91,270,22,20,9,3
432,14,19,14,0,7,2,0,17,2,0,39,0,85,34,114,0,38,63,112,53,233,271,22,20,9,3
433,14,19,14,0,7,2,0,17,2,7,109,0,0,35,44,0,38,42,118,53,27,272,22,20,9,3
434,14,19,14,0,6,2,0,17,2,8,126,0,43,57,57,0,38,57,67,60,247,273,22,20,9,3
435,14,19,14,0,8,2,0,17,2,0,153,0,0,34,52,0,38,63,150,53,27,274,22,20,9,3
436,14,19,14,0,6,2,0,17,2,0,39,0,0,35,63,0,0,42,74,44,144,275,22,20,9,3
437,14,20,14,0,4,2,0,18,2,0,39,0,85,28,46,0,41,42,66,55,260,276,22,20,9,3
438,14,19,14,0,8,2,0,17,2,3,102,0,0,34,85,0,41,36,95,53,260,277,22,20,9,3
439,14,19,14,0,10,2,0,17,2,3,91,0,0,57,115,0,38,63,25,39,171,278,22,20,9,3
440,14,19,14,0,1,2,0,17,2,30,144,0,0,37,54,0,0,36,70,40,110,279,22,20,9,3
441,14,19,14,0,10,2,0,17,2,7,79,0,0,37,93,9,49,105,92,86,261,55,21,19,8,1
442,14,19,14,0,10,2,0,17,2,30,51,0,0,67,36,0,38,57,58,95,262,280,22,20,9,3
443,14,19,14,0,6,2,0,17,2,7,88,0,38,35,38,0,41,42,63,53,241,281,22,20,9,3
444,14,19,14,0,1,2,0,17,2,0,0,0,0,37,36,9,49,113,43,196,263,55,21,19,8,1
445,14,19,14,0,8,2,0,17,2,28,81,0,0,28,51,0,0,39,155,101,264,282,22,20,9,3
446,14,19,14,0,8,2,0,17,2,0,39,0,37,37,78,0,41,41,89,44,265,283,22,20,9,3
447,14,19,14,0,1,2,0,17,2,0,39,0,37,28,67,9,40,94,51,140,266,55,21,19,8,1
448,14,19,14,0,6,2,0,17,2,0,39,0,0,35,87,0,41,42,63,55,226,284,22,20,9,3
449,14,19,14,0,1,2,0,17,2,35,154,0,85,34,42,0,38,36,88,88,87,285,22,20,9,3
450,14,19,14,0,6,2,0,17,2,0,39,2,10,57,38,0,38,57,0,39,228,286,22,20,9,3
451,14,19,14,0,6,2,0,17,2,23,81,0,0,35,45,0,41,42,145,95,119,287,22,20,9,3
452,14,19,14,0,1,2,0,17,2,7,44,0,38,37,60,0,38,36,77,39,259,288,22,20,9,3
453,14,19,14,0,6,2,0,17,2,35,74,0,37,37,68,0,38,41,53,132,4,289,22,20,9,3
454,14,19,14,0,1,2,0,17,2,32,112,0,0,35,41,0,38,42,164,168,215,290,22,20,9,3
455,14,19,14,0,6,2,0,17,2,30,102,0,0,49,35,21,58,50,104,86,267,55,21,19,8,1
456,14,19,14,0,6,2,0,17,2,7,37,0,82,37,54,0,41,36,99,101,186,291,22,20,9,3
457,14,19,14,0,6,2,0,17,2,0,39,0,0,28,67,0,41,39,99,42,94,292,22,20,9,3
458,14,19,14,0,6,2,0,17,2,20,76,19,49,93,13,8,85,82,165,64,90,89,24,22,5,12
459,14,19,14,0,8,2,0,17,2,1,15,4,93,15,81,38,39,117,166,64,90,89,24,22,5,13
460,14,19,14,0,2,2,0,17,2,20,63,0,54,37,65,0,0,36,99,101,264,293,22,20,9,3
461,14,19,14,0,6,2,0,17,2,7,31,0,0,33,60,0,38,39,70,44,74,294,22,20,9,3
462,14,19,14,0,10,2,0,17,2,1,15,28,94,54,116,36,86,59,167,197,58,64,23,21,5,1
463,14,19,14,0,10,2,0,17,2,3,101,0,0,28,42,9,40,53,39,92,268,55,21,19,8,1
464,14,19,14,0,6,2,0,17,2,3,136,0,0,37,100,0,0,41,56,53,67,295,22,20,9,3
465,14,19,14,0,1,2,0,17,2,30,91,0,38,34,67,0,0,36,95,40,56,296,22,20,9,3
466,14,19,14,0,8,2,0,17,2,0,39,6,95,28,85,0,41,36,95,94,87,297,22,20,9,3
467,14,19,14,0,6,2,0,17,2,0,58,0,0,34,56,0,0,36,82,94,87,298,22,20,9,3
468,14,19,14,0,10,2,0,17,2,6,51,0,37,35,57,9,39,101,36,146,269,55,21,19,8,1
469,14,19,14,0,6,2,0,17,2,0,58,0,96,35,45,0,41,41,127,44,104,299,22,20,9,3
470,14,19,14,0,8,2,0,17,2,30,78,0,43,37,68,0,38,36,84,40,4,300,22,20,9,3
471,14,19,14,0,10,2,0,17,2,13,2,0,85,37,47,9,58,50,168,142,270,55,21,19,8,1
472,14,19,14,0,6,2,0,17,2,30,28,0,52,35,117,9,39,95,136,192,271,55,21,19,8,1
473,14,19,14,0,1,2,0,17,2,21,63,0,38,37,62,0,38,41,101,99,272,301,22,20,9,3
474,14,19,14,0,8,2,0,17,2,23,81,0,37,37,74,0,52,36,61,99,13,302,22,20,9,3
475,14,19,14,0,11,2,0,17,2,0,41,0,37,28,50,0,41,39,126,42,87,303,22,20,9,3
476,14,19,14,0,5,2,0,17,2,0,41,19,49,69,13,8,87,41,101,198,58,64,23,21,5,1
477,14,19,14,0,11,2,0,17,2,0,96,0,37,35,44,0,38,42,74,44,102,304,22,20,9,3
478,14,19,14,0,2,2,0,17,2,38,85,0,0,35,41,0,0,41,76,60,87,305,22,20,9,3
479,14,19,14,0,11,2,0,17,2,30,108,0,37,37,74,9,49,64,104,52,273,55,21,19,8,1
480,14,19,14,0,2,2,0,17,2,53,54,0,96,28,51,0,38,42,97,199,86,306,22,20,9,3
481,14,19,14,0,3,2,0,17,2,0,39,0,0,37,39,0,38,41,40,94,52,307,22,20,9,3
482,14,19,14,0,9,2,0,17,2,0,39,0,37,35,105,0,0,42,169,55,68,308,22,20,9,3
483,14,19,14,0,11,2,0,17,2,0,0,0,0,28,52,0,38,42,150,55,65,309,22,20,9,3
484,14,19,14,0,5,2,0,17,2,4,28,0,50,35,57,0,41,41,76,88,180,310,22,20,9,3
485,14,19,14,0,3,2,0,17,2,0,69,2,84,57,103,0,38,82,136,78,274,55,21,19,8,1
486,14,19,14,0,11,2,0,17,2,62,36,18,49,56,35,21,49,64,139,63,275,55,21,19,8,1
487,14,19,14,0,9,2,0,17,2,6,108,0,37,37,95,9,51,70,90,200,58,64,23,21,5,1
488,14,19,14,0,5,2,0,17,2,0,0,2,97,37,93,0,38,36,170,94,106,311,22,20,9,3
489,14,19,14,0,3,2,0,17,2,0,56,0,52,4,118,0,41,97,106,83,53,312,22,20,9,3
490,14,19,14,0,7,2,0,17,2,16,87,0,69,76,13,35,88,32,108,201,58,64,23,21,5,1
491,14,19,14,0,0,2,0,17,2,63,155,0,38,9,61,0,38,48,171,202,276,313,22,20,9,3
492,14,19,14,0,11,2,0,17,2,31,121,19,44,59,35,18,39,108,168,165,277,55,21,19,8,1
493,14,20,14,0,4,2,0,18,2,9,40,0,0,35,87,0,38,42,172,113,101,314,22,20,9,3
494,14,19,14,0,0,2,0,17,2,20,69,0,37,57,48,9,62,96,71,142,278,55,21,19,8,1
495,14,19,14,0,0,2,0,17,2,0,56,19,53,68,13,14,67,36,170,203,58,64,23,21,5,1
496,14,19,14,0,7,2,0,17,2,8,28,0,0,34,76,9,58,66,124,82,279,55,21,19,8,1
497,14,19,14,0,7,2,0,17,2,1,15,4,98,15,81,39,39,95,173,64,90,89,24,22,5,14
498,14,19,14,0,5,2,0,17,2,35,132,0,57,67,100,0,38,57,58,113,4,315,22,20,9,3
499,14,19,14,0,9,2,0,17,2,59,28,0,75,6,119,0,38,97,33,174,126,316,22,20,9,3
500,14,19,14,0,9,2,0,17,2,20,103,2,23,37,65,0,38,63,48,40,71,317,22,20,9,3
501,14,19,14,0,7,2,0,17,2,17,134,14,61,35,17,0,38,84,174,96,230,318,22,20,9,3
502,14,19,14,0,0,2,0,17,2,47,36,24,53,63,35,18,58,71,136,140,280,55,21,19,8,1
503,14,19,14,0,5,2,0,17,2,0,150,3,68,34,69,0,41,72,61,101,106,319,22,20,9,3
504,14,19,14,0,3,2,0,17,2,15,121,19,53,64,35,21,58,50,85,204,281,55,21,19,8,1
505,14,19,14,0,11,2,0,17,2,3,51,0,37,37,65,0,38,41,44,53,69,320,22,20,9,3
506,14,19,14,0,11,2,0,17,2,20,77,0,85,57,48,0,41,57,76,47,104,321,22,20,9,3
507,14,19,14,0,11,2,0,17,2,0,100,0,37,34,99,0,38,36,155,53,127,322,22,20,9,3
508,14,19,14,0,0,2,0,17,2,7,42,0,37,35,111,0,41,41,127,53,65,323,22,20,9,3
509,14,19,14,0,5,2,0,17,2,4,64,0,0,35,98,0,38,41,76,88,79,324,22,20,9,3
510,14,19,14,0,2,2,0,17,2,31,40,0,62,34,120,0,68,63,150,9,282,325,22,20,9,3
511,14,19,14,0,3,2,0,17,2,0,156,0,75,35,41,0,38,41,0,44,171,326,22,20,9,3
512,14,19,14,0,5,2,0,17,2,0,39,0,0,34,69,0,41,36,84,94,106,327,22,20,9,3
513,14,19,14,0,3,2,0,17,2,30,57,0,99,67,36,0,38,72,160,99,276,328,22,20,9,3
514,14,19,14,0,3,2,0,17,2,0,39,19,92,68,13,35,67,72,42,205,58,64,23,21,5,1
515,14,19,14,0,11,2,0,17,2,0,56,0,37,37,95,0,41,36,61,94,77,329,22,20,9,3
516,14,19,14,0,11,2,0,17,2,64,157,19,39,84,35,18,40,100,175,63,283,55,21,19,8,1
517,14,19,14,0,5,2,0,17,2,0,39,0,100,37,60,0,38,36,88,53,113,330,22,20,9,3
518,14,19,14,0,2,2,0,17,2,16,87,6,101,35,38,0,41,63,63,70,147,331,22,20,9,3
519,14,19,14,0,3,2,0,17,2,45,28,0,37,40,85,0,41,72,116,73,284,332,22,20,9,3
520,14,19,14,0,8,2,0,17,2,0,142,0,73,35,111,0,52,91,62,129,285,55,21,19,8,1
521,14,19,14,0,9,2,0,17,2,0,0,0,0,28,85,9,40,100,51,206,286,55,21,19,8,1
522,14,19,14,0,11,2,0,17,2,0,39,0,0,35,98,0,0,41,96,44,114,333,22,20,9,3
523,14,19,14,0,3,2,0,17,2,0,96,19,44,94,35,18,39,62,43,79,287,55,21,19,8,1
524,14,19,14,0,11,2,0,17,2,0,156,19,92,95,35,18,45,50,136,150,288,55,21,19,8,1
525,14,19,14,0,9,2,0,17,2,35,106,0,38,37,100,0,38,41,56,132,110,334,22,20,9,3
526,14,19,14,0,2,2,0,17,2,17,158,0,37,28,69,9,40,50,136,207,289,55,21,19,8,1
527,14,19,14,0,8,2,0,17,2,6,102,0,37,37,82,0,41,41,111,49,57,335,22,20,9,3
528,14,19,14,0,8,2,0,17,2,36,87,0,0,37,93,0,38,41,78,70,4,336,22,20,9,3
529,14,19,14,0,8,2,0,17,2,0,56,0,37,35,57,0,41,42,158,55,260,337,22,20,9,3
530,14,19,14,0,5,2,0,17,2,8,28,0,38,49,35,40,58,116,139,158,290,55,21,19,8,1
531,14,19,14,0,8,2,0,17,2,7,79,0,37,37,55,9,49,67,83,79,291,55,21,19,8,1
532,14,19,14,0,0,2,0,17,2,0,159,19,39,53,13,4,76,42,97,208,58,64,23,21,5,1
533,14,19,14,0,3,2,0,17,2,6,102,0,0,37,36,9,49,113,36,209,292,55,21,19,8,1
534,14,19,14,0,3,2,0,17,2,6,28,19,53,84,13,14,74,70,90,210,58,64,23,21,5,1
535,14,20,14,0,4,2,0,18,2,3,78,0,0,35,44,0,0,42,47,94,125,338,22,20,9,3
536,14,19,14,0,7,2,0,17,2,7,31,0,0,37,93,0,38,41,78,53,233,339,22,20,9,3
537,14,19,14,0,7,2,0,17,2,17,95,0,0,35,48,9,39,46,71,89,293,55,21,19,8,1
538,14,19,14,0,7,2,0,17,2,65,135,0,57,37,60,0,38,36,176,22,294,340,22,20,9,3
539,14,19,14,0,0,2,0,17,2,3,93,0,37,34,52,0,38,63,68,39,136,341,22,20,9,3
540,14,19,14,0,5,2,0,17,2,1,15,11,51,54,116,8,84,41,44,211,58,64,23,21,5,1
541,14,19,14,0,0,2,0,17,2,20,77,19,39,96,13,4,89,36,41,212,58,64,23,21,5,1
542,14,19,14,0,0,2,0,17,2,0,142,0,41,28,42,9,40,66,51,78,295,55,21,19,8,1
543,14,19,14,0,5,2,0,17,2,1,15,4,102,15,81,41,39,110,177,64,90,89,24,22,5,15
544,14,19,14,0,7,2,0,17,2,20,63,0,0,28,52,0,37,42,48,53,246,342,22,20,9,3
545,14,19,14,0,5,2,0,17,2,43,97,0,0,35,72,0,38,42,112,113,27,343,22,20,9,3
546,14,19,14,0,3,2,0,17,2,6,119,19,53,97,13,14,90,70,178,213,58,64,23,21,5,1
547,14,19,14,0,11,2,0,17,2,7,107,0,37,35,45,0,38,42,145,94,76,344,22,20,9,3
548,14,19,14,0,7,2,0,17,2,13,139,26,55,4,121,9,91,118,179,184,296,55,21,19,8,1
549,14,19,14,0,3,2,0,17,2,1,15,4,81,15,81,42,39,38,180,64,90,89,24,22,5,16
550,14,19,14,0,7,2,0,17,2,33,53,0,69,35,38,0,38,42,169,0,86,345,22,20,9,3
551,14,19,14,0,3,2,0,17,2,23,81,0,0,35,48,0,41,42,25,95,71,346,22,20,9,3
552,14,19,14,0,0,2,0,17,2,28,86,0,37,37,62,0,38,41,72,40,27,347,22,20,9,3
553,14,19,14,0,5,2,0,17,2,16,132,19,44,88,13,6,92,60,5,214,58,64,23,21,5,1
554,14,19,14,0,11,2,0,17,2,28,42,0,37,37,54,9,49,77,71,89,297,55,21,19,8,1
555,14,19,14,0,11,2,0,17,2,0,39,0,0,35,113,9,39,37,39,41,298,55,21,19,8,1
556,14,19,14,0,3,2,0,17,2,0,0,14,95,37,62,0,0,84,181,47,129,348,22,20,9,3
557,14,19,14,0,11,2,0,17,2,46,157,0,0,35,38,0,41,42,153,46,57,349,22,20,9,3
558,14,19,14,0,11,2,0,17,2,30,57,0,37,37,78,0,37,41,53,40,71,350,22,20,9,3
559,14,19,14,0,5,2,0,17,2,66,99,0,0,35,17,0,37,42,118,215,272,351,22,20,9,3
560,14,19,14,0,11,2,0,17,2,1,15,11,4,15,19,43,49,113,182,64,90,89,24,22,5,17
561,14,19,14,0,7,2,0,17,2,0,156,0,96,35,17,0,41,41,72,44,61,352,22,20,9,3
562,14,20,14,0,10,2,0,18,2,0,39,0,0,67,93,0,0,57,0,39,228,353,22,20,9,3
563,14,19,14,0,7,2,0,17,2,41,64,0,0,17,17,0,41,70,120,216,299,55,21,19,8,1
564,14,19,14,0,5,2,0,17,2,20,45,0,37,35,90,0,41,42,74,39,74,354,22,20,9,3
565,14,19,14,0,5,2,0,17,2,20,124,0,43,34,85,0,41,63,162,40,193,355,22,20,9,3
566,14,19,14,0,0,2,0,17,2,0,0,2,103,57,91,0,38,57,78,39,104,356,22,20,9,3
567,14,19,14,0,0,2,0,17,2,1,15,29,104,15,122,44,93,7,183,64,90,89,24,22,5,18
568,14,20,14,0,4,2,0,18,2,38,160,19,44,88,13,6,92,28,184,217,58,64,23,21,5,1
569,14,19,14,0,11,2,0,17,2,35,161,3,4,35,41,9,62,69,140,176,300,55,21,19,8,1
570,14,19,14,0,9,2,0,17,2,4,126,0,37,28,37,0,38,39,38,132,101,357,22,20,9,3
571,14,19,14,0,0,2,0,17,2,7,43,2,83,35,57,0,0,36,99,39,171,358,22,20,9,3
572,14,19,14,0,0,2,0,17,2,0,39,0,0,35,63,0,38,42,66,55,260,359,22,20,9,3
573,14,19,14,0,0,2,0,17,2,0,39,0,37,35,80,9,39,69,39,86,301,55,21,19,8,1
574,14,19,14,0,0,2,0,17,2,13,135,0,0,40,99,0,0,68,185,6,98,360,22,20,9,3
575,14,19,14,0,0,2,0,17,2,3,47,0,38,37,36,0,38,41,53,94,264,361,22,20,9,3
576,14,20,14,0,4,2,0,18,2,59,162,19,105,98,35,18,94,7,186,50,302,55,21,19,8,1
577,14,19,14,0,9,2,0,17,2,46,139,0,0,22,79,9,94,119,140,167,303,55,21,19,8,1
578,14,19,14,0,0,2,0,17,2,7,43,0,0,28,109,0,38,39,95,44,61,362,22,20,9,3
579,14,19,14,0,7,2,0,17,2,0,39,0,37,34,49,0,95,63,162,53,304,363,22,20,9,3
580,14,19,14,0,5,2,0,17,2,0,39,0,100,40,109,9,94,120,104,86,305,55,21,19,8,1
581,14,19,14,0,7,2,0,17,2,6,110,0,0,67,78,9,42,83,124,182,306,55,21,19,8,1
582,14,19,14,0,5,2,0,17,2,0,0,2,97,28,114,0,38,41,78,44,104,364,22,20,9,3
583,14,19,14,0,9,2,0,17,2,15,40,0,0,22,106,0,41,68,25,117,225,365,22,20,9,3
584,14,19,14,0,5,2,0,17,2,0,58,0,37,34,85,0,38,36,95,94,264,366,22,20,9,3
585,14,19,14,0,9,2,0,17,2,45,118,0,59,28,76,0,38,39,126,117,169,367,22,20,9,3
586,14,19,14,0,5,2,0,17,2,0,58,19,39,38,35,18,96,34,110,134,307,55,21,19,8,1
587,14,19,14,0,7,2,0,17,2,0,39,0,0,34,114,0,38,36,155,53,65,368,22,20,9,3
588,14,20,14,0,4,2,0,18,2,7,88,0,37,35,57,0,38,42,66,53,308,369,22,20,9,3
589,14,20,14,0,10,2,0,18,2,7,107,0,0,34,52,0,41,63,68,101,309,370,22,20,9,3
590,14,20,14,0,4,2,0,18,2,0,129,19,92,53,13,45,97,121,14,218,58,64,23,21,5,1
591,14,19,14,0,1,2,0,17,2,0,0,0,41,37,43,0,38,41,40,219,310,55,21,19,8,1
592,14,19,14,0,10,2,0,17,2,0,39,0,38,34,49,0,41,36,55,53,241,371,22,20,9,3
593,14,19,14,0,8,2,0,17,2,0,41,0,37,28,76,0,38,39,82,42,94,372,22,20,9,3
594,14,19,14,0,2,2,0,17,2,4,72,0,0,28,46,0,41,42,50,0,129,373,22,20,9,3
595,14,19,14,0,6,2,0,17,2,0,41,0,37,35,86,0,44,41,72,44,49,374,22,20,9,3
596,14,19,14,0,1,2,0,17,2,7,81,19,44,85,35,46,49,61,83,79,311,55,21,19,8,1
597,14,19,14,0,8,2,0,17,2,0,0,0,0,35,87,0,38,42,172,55,27,375,22,20,9,3
598,14,19,14,0,8,2,0,17,2,0,39,0,0,57,91,0,0,63,145,53,72,376,22,20,9,3
599,14,19,14,0,10,2,0,17,2,0,0,19,44,88,35,18,39,122,39,187,312,55,21,19,8,1
600,14,19,14,0,1,2,0,17,2,0,39,0,38,28,49,9,40,73,51,220,313,55,21,19,8,1
601,14,19,14,0,8,2,0,17,2,1,15,11,106,15,19,47,49,80,187,64,90,89,24,22,5,19
602,14,19,14,0,2,2,0,17,2,7,89,0,37,35,57,9,39,101,92,221,314,55,21,19,8,1
603,14,20,14,0,4,2,0,18,2,1,15,11,80,15,19,1,49,61,188,64,90,89,24,22,5,20
604,14,19,14,0,8,2,0,17,2,67,120,0,37,40,51,9,45,116,189,222,315,55,21,19,8,1
605,14,20,14,0,4,2,0,18,2,30,91,0,38,6,119,0,41,97,20,0,214,377,22,20,9,3
606,14,19,14,0,10,2,0,17,2,7,80,0,0,35,72,0,38,42,112,53,27,378,22,20,9,3
607,14,19,14,0,1,2,0,17,2,28,86,2,10,35,45,0,37,41,111,40,14,379,22,20,9,3
608,14,19,14,0,6,2,0,17,2,15,66,0,0,57,87,0,38,63,172,0,169,380,22,20,9,3
609,14,19,14,0,8,2,0,17,2,7,145,0,37,40,51,0,38,72,55,49,215,381,22,20,9,3
610,14,19,14,0,10,2,0,17,2,28,88,0,59,37,74,0,41,36,61,47,316,382,22,20,9,3
611,14,19,14,0,1,2,0,17,2,7,81,0,75,34,99,0,38,63,48,40,317,383,22,20,9,3
612,14,19,14,0,2,2,0,17,2,52,66,0,0,40,51,0,38,72,88,223,282,384,22,20,9,3
613,14,19,14,0,2,2,0,17,2,21,75,0,0,37,58,0,38,41,67,99,93,385,22,20,9,3
614,14,19,14,0,2,2,0,17,2,0,96,0,0,37,39,9,49,64,62,224,318,55,21,19,8,1
615,14,19,14,0,6,2,0,17,2,0,41,0,0,35,98,0,0,41,96,44,104,386,22,20,9,3
616,14,19,14,0,10,2,0,17,2,0,39,0,37,34,46,0,41,63,162,53,304,387,22,20,9,3
617,14,19,14,0,10,2,0,17,2,0,41,0,37,37,65,0,41,41,45,44,61,388,22,20,9,3
618,14,19,14,0,2,2,0,17,2,68,72,19,49,52,35,21,49,61,190,225,319,55,21,19,8,1
619,14,19,14,0,10,2,0,17,2,3,51,0,37,35,66,0,38,41,76,94,320,389,22,20,9,3
620,14,20,14,0,4,2,0,18,2,0,39,0,37,28,51,0,38,39,55,55,241,390,22,20,9,3
621,14,19,14,0,1,2,0,17,2,7,86,0,37,28,37,9,40,123,43,84,321,55,21,19,8,1
622,14,19,14,0,2,2,0,17,2,0,39,2,23,35,38,9,49,67,43,226,322,55,21,19,8,1
623,14,19,14,0,1,2,0,17,2,0,39,0,75,34,42,0,38,36,95,94,87,391,22,20,9,3
624,14,19,14,0,1,2,0,17,2,0,39,0,0,35,110,9,39,117,43,227,323,55,21,19,8,1
625,14,19,14,0,10,2,0,17,2,28,138,0,0,37,62,0,38,41,191,40,101,392,22,20,9,3
626,14,19,14,0,6,2,0,17,2,0,0,0,0,35,63,0,38,42,66,55,68,393,22,20,9,3
627,14,19,14,0,2,2,0,17,2,30,144,0,0,76,13,35,53,70,120,228,58,64,23,21,5,1
628,14,19,14,0,2,2,0,17,2,28,43,19,44,77,35,21,39,75,136,107,324,55,21,19,8,1
629,14,19,14,0,1,2,0,17,2,1,36,24,44,59,35,48,39,75,39,86,325,55,21,19,8,1
630,14,19,14,0,8,2,0,17,2,23,43,0,0,35,44,0,41,42,74,95,146,394,22,20,9,3
631,14,19,14,0,2,2,0,17,2,0,39,0,37,57,66,0,37,57,0,39,228,395,22,20,9,3
632,14,20,14,0,4,2,0,18,2,20,45,0,59,37,55,0,41,41,143,101,87,396,22,20,9,3
633,14,20,14,0,4,2,0,18,2,20,111,0,50,28,76,0,38,39,75,53,131,397,22,20,9,3
634,14,19,14,0,9,2,0,17,2,46,87,30,107,35,48,0,0,102,192,32,86,398,22,20,9,3
635,14,19,14,0,2,2,0,17,2,6,93,19,44,42,13,6,7,65,193,229,58,64,23,21,5,1
636,14,19,14,0,8,2,0,17,2,0,39,0,37,28,42,0,37,39,82,42,122,399,22,20,9,3
637,14,19,14,0,5,2,0,17,2,69,15,26,108,54,88,2,98,124,0,230,58,64,23,21,5,1
638,14,19,14,0,8,2,0,17,2,7,107,19,39,99,35,18,40,94,43,196,326,55,21,19,8,1
639,14,19,14,0,3,2,0,17,2,0,41,19,39,58,35,18,40,71,51,206,327,55,21,19,8,1
640,14,19,14,0,3,2,0,17,2,59,85,0,37,28,99,0,0,42,68,73,316,400,22,20,9,3
641,14,19,14,0,7,2,0,17,2,8,105,0,37,33,78,0,41,35,89,95,27,401,22,20,9,3
642,14,19,14,0,6,2,0,17,2,13,82,19,66,44,35,18,96,52,186,222,328,55,21,19,8,1
643,14,19,14,0,0,2,0,17,2,1,15,31,109,76,123,49,99,125,194,231,329,23,25,23,4,2
644,14,19,14,0,9,2,0,17,2,6,57,22,79,98,13,16,100,126,192,232,58,64,23,21,5,1
645,14,19,14,0,8,2,0,17,2,0,58,0,37,33,39,0,38,35,143,42,186,402,22,20,9,3
646,14,19,14,0,6,2,0,17,2,56,66,0,0,33,64,0,41,35,0,73,13,403,22,20,9,3
647,14,19,14,0,5,2,0,17,2,30,57,0,38,67,64,0,38,57,67,49,117,404,22,20,9,3
648,14,20,14,0,4,2,0,18,2,0,41,0,37,33,78,0,52,35,93,77,171,405,22,20,9,3
649,14,19,14,0,9,2,0,17,2,1,15,6,110,15,84,50,40,127,195,64,90,89,24,22,5,21
650,14,19,14,0,3,2,0,17,2,3,47,0,37,35,45,0,38,42,145,44,228,406,22,20,9,3
651,14,19,14,0,7,2,0,17,2,16,157,0,38,33,82,0,41,35,72,23,193,407,22,20,9,3
652,14,19,14,0,0,2,0,17,2,0,156,19,63,15,124,4,101,128,196,233,330,408,8,22,10,22
653,14,19,14,0,10,2,0,17,2,29,53,0,37,67,82,0,41,57,111,174,59,409,22,20,9,3
654,14,20,14,0,4,2,0,18,2,0,58,0,0,28,52,9,40,47,39,234,331,55,21,19,8,1
655,14,19,14,0,0,2,0,17,2,3,57,3,111,28,67,0,41,41,64,53,72,410,22,20,9,3
656,14,19,14,0,6,2,0,17,2,8,163,0,37,57,66,0,41,57,163,60,87,411,22,20,9,3
657,14,19,14,0,0,2,0,17,2,0,100,0,37,33,95,0,41,39,61,42,320,412,22,20,9,3
658,14,19,14,0,11,2,0,17,2,33,69,0,0,28,109,0,38,39,95,132,71,413,22,20,9,3
659,14,20,14,0,4,2,0,18,2,0,0,0,38,36,1,1,49,129,43,235,332,55,21,19,8,1
660,14,19,14,0,9,2,0,17,2,70,36,18,39,63,35,18,40,100,197,236,333,55,21,19,8,1
661,14,19,14,0,2,2,0,17,2,3,51,0,38,37,82,0,41,41,72,53,83,414,22,20,9,3
662,14,19,14,0,6,2,0,17,2,46,74,0,37,33,62,0,38,35,72,95,50,415,22,20,9,3
663,14,19,14,0,3,2,0,17,2,28,92,0,99,34,76,9,62,69,36,146,334,55,21,19,8,1
664,14,19,14,0,6,2,0,17,2,28,44,0,37,28,49,0,41,39,54,39,335,416,22,20,9,3
665,14,19,14,0,9,2,0,17,2,36,132,19,47,46,35,21,70,126,198,237,58,64,23,21,5,1
666,14,19,14,0,6,2,0,17,2,21,77,0,54,33,43,0,38,39,84,49,79,417,22,20,9,3
667,14,19,14,0,0,2,0,17,2,8,28,0,0,28,37,0,41,39,38,99,104,418,22,20,9,3
668,14,19,14,0,1,2,0,17,2,46,107,19,49,91,35,21,49,129,124,61,336,55,21,19,8,1
669,14,20,14,0,4,2,0,18,2,59,28,4,97,33,43,0,41,36,55,170,46,419,22,20,9,3
670,14,19,14,0,10,2,0,17,2,67,164,0,89,33,68,9,40,94,199,148,337,55,21,19,8,1
671,14,20,14,0,4,2,0,18,2,20,158,14,112,35,45,0,68,68,25,95,4,420,22,20,9,3
672,14,19,14,0,6,2,0,17,2,6,119,0,38,33,47,0,68,35,44,40,317,421,22,20,9,3
673,14,20,14,0,10,2,0,18,2,0,41,0,0,33,43,0,41,35,64,77,102,422,22,20,9,3
674,14,19,14,0,0,2,0,17,2,0,39,0,0,37,43,9,49,67,43,226,338,55,21,19,8,1
675,14,19,14,0,2,2,0,17,2,21,134,0,0,33,60,9,70,65,184,238,58,64,23,21,5,1
676,14,20,14,0,4,2,0,18,2,5,82,19,65,42,35,19,62,101,200,104,339,55,21,19,8,1
677,14,19,14,0,7,2,0,17,2,17,38,0,0,33,60,9,70,72,155,239,58,64,23,21,5,1
678,14,20,14,0,4,2,0,18,2,61,15,11,64,54,73,8,102,102,201,240,58,64,23,21,5,1
679,14,19,14,0,6,2,0,17,2,47,15,3,113,54,88,3,84,41,44,241,58,64,23,21,5,1
680,14,19,14,0,0,2,0,17,2,1,36,18,39,73,35,18,40,47,202,78,340,55,21,19,8,1
681,14,19,14,0,10,2,0,17,2,8,54,0,41,28,69,0,41,39,99,95,14,423,22,20,9,3
682,14,19,14,0,6,2,0,17,2,3,28,0,56,28,49,0,41,42,25,219,341,55,21,19,8,1
683,14,19,14,0,11,2,0,17,2,9,49,19,39,68,13,4,67,2,203,242,58,64,23,21,5,1
684,14,19,14,0,0,2,0,17,2,17,45,19,44,61,13,6,103,84,0,243,58,64,23,21,5,1
685,14,19,14,0,3,2,0,17,2,0,0,19,47,56,35,19,57,64,159,244,342,55,21,19,8,1
686,14,19,14,0,7,2,0,17,2,51,126,19,40,83,13,2,2,99,125,245,58,64,23,21,5,1
687,14,20,14,0,4,2,0,18,2,8,162,0,0,33,68,0,41,35,53,95,97,424,22,20,9,3
688,14,19,14,0,7,2,0,17,2,28,44,0,0,33,39,0,0,55,83,227,343,55,21,19,8,1
689,14,19,14,0,10,2,0,17,2,35,107,0,0,36,35,21,40,50,139,103,344,55,21,19,8,1
690,14,19,14,0,5,2,0,17,2,43,154,0,56,33,95,0,41,39,38,88,345,425,22,20,9,3
691,14,19,14,0,5,2,0,17,2,71,121,0,99,28,37,0,41,42,169,215,129,426,22,20,9,3
692,14,20,14,0,4,2,0,18,2,20,95,0,75,33,82,9,57,113,62,126,346,55,21,19,8,1
693,14,20,14,0,4,2,0,18,2,0,41,0,0,33,89,0,0,35,143,246,347,55,21,19,8,1
694,14,19,14,0,3,2,0,17,2,20,76,0,37,33,55,9,57,67,62,157,348,55,21,19,8,1
695,14,19,14,0,7,2,0,17,2,26,104,2,93,33,68,9,39,69,204,86,349,55,21,19,8,1
696,14,20,14,0,4,2,0,18,2,10,104,0,0,35,72,0,38,42,112,247,50,427,22,20,9,3
697,14,19,14,0,11,2,0,17,2,13,139,0,0,28,83,0,68,39,170,62,126,428,22,20,9,3
698,14,19,14,0,3,2,0,17,2,33,165,0,38,33,43,0,38,35,44,60,81,429,22,20,9,3
699,14,19,14,0,8,2,0,17,2,20,134,0,0,28,67,0,41,39,99,94,87,430,22,20,9,3
700,14,19,14,0,11,2,0,17,2,46,106,0,0,28,51,9,40,73,100,145,350,55,21,19,8,1
701,14,19,14,0,3,2,0,17,2,3,51,19,47,75,35,21,57,77,39,248,351,55,21,19,8,1
702,14,19,14,0,3,2,0,17,2,30,57,0,37,28,37,0,38,39,38,39,228,431,22,20,9,3
703,14,19,14,0,7,2,0,17,2,46,106,0,0,33,89,0,0,35,143,99,225,432,22,20,9,3
704,14,19,14,0,1,2,0,17,2,1,15,26,4,54,73,2,104,57,58,249,58,64,23,21,5,1
705,14,19,14,0,7,2,0,17,2,23,44,19,47,75,13,3,84,68,103,250,58,64,23,21,5,1
706,14,19,14,0,3,2,0,17,2,15,59,0,37,28,67,9,40,94,110,160,352,55,21,19,8,1
707,14,20,14,0,4,2,0,18,2,33,117,3,22,33,82,0,41,42,145,0,169,433,22,20,9,3
708,14,19,14,0,0,2,0,17,2,69,36,24,39,41,13,4,64,60,184,251,58,64,23,21,5,1
709,14,19,14,0,9,2,0,17,2,21,69,0,0,33,60,0,38,39,70,49,215,434,22,20,9,3
710,14,19,14,0,11,2,0,17,2,17,166,0,37,36,35,18,40,50,136,185,353,55,21,19,8,1
711,14,20,14,0,4,2,0,18,2,23,80,0,0,43,98,0,38,35,76,47,225,435,22,20,9,3
712,14,19,14,0,3,2,0,17,2,8,28,0,0,33,47,9,57,58,102,204,354,55,21,19,8,1
713,14,19,14,0,5,2,0,17,2,21,76,0,37,28,85,7,50,41,111,252,355,55,21,19,8,1
714,14,19,14,0,0,2,0,17,2,0,39,0,0,28,37,9,40,130,51,224,356,55,21,19,8,1
715,14,19,14,0,11,2,0,17,2,35,132,0,0,35,38,0,41,42,153,60,87,436,22,20,9,3
716,14,19,14,0,11,2,0,17,2,0,39,0,85,28,83,0,38,39,75,42,124,437,22,20,9,3
717,14,19,14,0,5,2,0,17,2,22,72,19,63,15,124,51,105,131,196,233,330,408,8,22,11,23
718,14,19,14,0,7,2,0,17,2,0,129,0,0,28,42,0,38,39,170,42,94,438,22,20,9,3
719,14,19,14,0,7,2,0,17,2,0,39,0,0,34,77,0,38,36,75,94,124,439,22,20,9,3
720,14,19,14,0,10,2,0,17,2,0,56,0,37,43,103,9,106,117,205,43,357,55,21,19,8,1
721,14,19,14,0,0,2,0,17,2,8,54,0,0,35,44,9,39,110,100,37,358,55,21,19,8,1
722,14,19,14,0,5,2,0,17,2,21,75,0,38,28,76,0,37,39,38,49,117,440,22,20,9,3
723,14,19,14,0,6,2,0,17,2,30,102,0,38,33,39,0,0,39,61,53,72,441,22,20,9,3
724,14,19,14,0,3,2,0,17,2,35,2,14,77,36,35,18,45,66,123,103,359,55,21,19,8,1
725,14,19,14,0,8,2,0,17,2,46,137,0,0,36,35,21,40,50,100,253,360,55,21,19,8,1
726,14,19,14,0,8,2,0,17,2,0,96,0,37,28,50,0,41,39,126,55,69,442,22,20,9,3
727,14,19,14,0,9,2,0,17,2,0,56,0,38,28,37,8,2,57,64,39,136,443,22,20,9,3
728,14,19,14,0,10,2,0,17,2,15,104,3,68,37,64,0,38,57,76,0,104,444,22,20,9,3
729,14,19,14,0,0,2,0,17,2,59,167,0,0,28,42,0,38,39,170,9,27,445,22,20,9,3
730,14,19,14,0,8,2,0,17,2,0,39,0,59,35,57,0,41,42,46,44,361,446,22,20,9,3
731,14,20,14,0,10,2,0,18,2,0,0,2,60,33,36,0,38,39,41,42,87,447,22,20,9,3
732,14,19,14,0,9,2,0,17,2,6,119,0,37,36,35,18,40,50,104,254,362,55,21,19,8,1
733,14,19,14,0,0,2,0,17,2,36,2,0,96,35,63,0,38,41,101,70,27,448,22,20,9,3
734,14,19,14,0,5,2,0,17,2,28,107,0,37,28,99,0,0,42,68,101,309,449,22,20,9,3
735,14,19,14,0,2,2,0,17,2,20,166,14,114,33,54,0,41,72,116,49,218,450,22,20,9,3
736,14,19,14,0,5,2,0,17,2,72,15,6,115,15,84,52,45,100,206,64,90,89,24,22,5,24
737,14,19,14,0,0,2,0,17,2,5,97,0,0,6,119,0,41,97,14,175,147,451,22,20,9,3
738,14,19,14,0,7,2,0,17,2,45,64,0,0,28,37,0,41,39,38,117,169,452,22,20,9,3
739,14,19,14,0,3,2,0,17,2,17,76,0,37,28,51,0,38,39,55,40,282,453,22,20,9,3
740,14,19,14,0,7,2,0,17,2,46,135,0,0,28,56,9,40,94,100,255,363,55,21,19,8,1
741,14,19,14,0,5,2,0,17,2,2,135,19,39,100,13,4,107,124,192,256,58,64,23,21,5,1
742,14,19,14,0,5,2,0,17,2,0,39,0,37,28,52,0,38,42,68,55,83,454,22,20,9,3
743,14,20,14,0,4,2,0,18,2,30,51,3,108,43,41,0,41,42,68,39,61,455,22,20,9,3
744,14,19,14,0,2,2,0,17,2,8,28,0,37,33,93,0,68,35,0,49,87,456,22,20,9,3
745,14,19,14,0,10,2,0,17,2,0,39,0,0,28,83,9,40,50,51,129,364,55,21,19,8,1
746,14,19,14,0,9,2,0,17,2,17,134,2,60,34,40,9,62,101,100,56,365,55,21,19,8,1
747,14,19,14,0,10,2,0,17,2,23,71,0,96,40,77,0,38,68,33,60,366,457,22,20,9,3
748,14,19,14,0,9,2,0,17,2,35,137,0,0,33,78,0,41,35,101,96,225,458,22,20,9,3
749,14,20,14,0,10,2,0,18,2,0,39,0,0,33,68,0,41,35,53,77,102,459,22,20,9,3
750,14,19,14,0,7,2,0,17,2,0,39,0,0,28,42,0,52,39,82,42,122,460,22,20,9,3
751,14,19,14,0,3,2,0,17,2,20,141,19,44,90,13,6,108,57,163,257,58,64,23,21,5,1
752,14,19,14,0,10,2,0,17,2,0,39,0,38,33,54,0,38,39,70,42,77,461,22,20,9,3
753,14,19,14,0,10,2,0,17,2,17,63,0,38,33,78,0,41,35,56,153,367,55,21,19,8,1
754,14,19,14,0,8,2,0,17,2,0,39,0,0,37,93,9,49,105,43,69,368,55,21,19,8,1
755,14,19,14,0,1,2,0,17,2,23,8,0,38,28,42,0,41,39,79,47,13,462,22,20,9,3
756,14,19,14,0,1,2,0,17,2,17,61,0,37,33,78,0,38,35,101,39,173,463,22,20,9,3
757,14,19,14,0,8,2,0,17,2,73,2,0,0,33,62,9,57,132,207,182,369,55,21,19,8,1
758,14,19,14,0,5,2,0,17,2,0,41,0,0,28,40,9,40,74,51,207,370,55,21,19,8,1
759,14,19,14,0,1,2,0,17,2,0,39,0,37,28,69,0,38,39,84,42,106,464,22,20,9,3
760,14,19,14,0,2,2,0,17,2,56,121,3,45,33,43,0,0,41,53,258,180,465,22,20,9,3
761,14,19,14,0,1,2,0,17,2,0,0,0,57,37,47,0,38,41,37,44,102,466,22,20,9,3
762,14,19,14,0,10,2,0,17,2,35,97,19,44,78,13,6,80,28,5,259,58,64,23,21,5,1
763,14,19,14,0,3,2,0,17,2,28,109,0,38,33,55,0,41,35,44,39,143,467,22,20,9,3
764,14,19,14,0,2,2,0,17,2,0,39,6,61,28,77,0,38,63,112,53,233,468,22,20,9,3
765,14,19,14,0,8,2,0,17,2,0,39,0,0,33,36,0,41,35,56,77,171,469,22,20,9,3
766,14,19,14,0,9,2,0,17,2,43,157,0,99,2,125,0,41,65,81,6,123,470,22,20,9,3
767,14,19,14,0,5,2,0,17,2,1,15,3,45,15,1,53,57,43,208,64,90,89,24,22,5,25
768,14,19,14,0,3,2,0,17,2,9,104,0,0,33,65,0,41,35,44,183,371,55,21,19,8,1
769,14,19,14,0,11,2,0,17,2,31,104,0,0,34,37,9,58,130,209,209,372,55,21,19,8,1
770,14,19,14,0,1,2,0,17,2,21,77,0,0,35,44,0,109,41,37,99,272,471,22,20,9,3
771,14,19,14,0,2,2,0,17,2,1,15,6,88,54,126,6,108,42,145,260,58,64,23,21,5,1
772,14,19,14,0,1,2,0,17,2,28,71,19,63,54,88,4,61,57,72,261,58,64,23,21,5,1
773,14,19,14,0,9,2,0,17,2,40,106,19,63,15,124,54,110,133,196,233,330,408,8,22,12,26
774,14,19,14,0,3,2,0,17,2,0,41,0,59,33,95,0,41,39,98,42,309,472,22,20,9,3
775,14,19,14,0,8,2,0,17,2,30,51,0,0,33,54,0,52,39,77,39,144,473,22,20,9,3
776,14,19,14,0,11,2,0,17,2,3,130,19,39,96,13,4,89,42,169,262,58,64,23,21,5,1
777,14,19,14,0,8,2,0,17,2,0,39,0,50,35,44,9,49,105,43,69,373,55,21,19,8,1
778,14,19,14,0,2,2,0,17,2,30,84,3,87,33,68,0,0,41,72,101,124,474,22,20,9,3
779,14,19,14,0,8,2,0,17,2,1,7,32,47,70,35,55,39,75,39,86,374,55,21,19,8,1
780,14,19,14,0,9,2,0,17,2,74,36,18,47,79,13,3,84,48,192,263,58,64,23,21,5,1
781,14,19,14,0,2,2,0,17,2,8,140,14,76,28,37,0,41,68,113,183,375,55,21,19,8,1
782,14,19,14,0,8,2,0,17,2,0,94,0,0,28,46,0,0,42,48,44,376,475,22,20,9,3
783,14,19,14,0,11,2,0,17,2,0,39,0,0,33,36,0,0,35,53,77,102,476,22,20,9,3
784,14,19,14,0,8,2,0,17,2,38,28,0,52,28,69,0,95,42,152,96,91,477,22,20,9,3
785,14,19,14,0,1,2,0,17,2,38,168,0,0,28,77,0,38,39,75,96,191,478,22,20,9,3
786,14,19,14,0,8,2,0,17,2,3,102,2,23,28,42,0,41,42,158,94,232,479,22,20,9,3
787,14,19,14,0,10,2,0,17,2,0,39,0,0,28,83,0,38,39,84,42,106,480,22,20,9,3
788,14,19,14,0,2,2,0,17,2,23,88,0,38,28,42,0,38,39,99,49,126,481,22,20,9,3
789,14,19,14,0,6,2,0,17,2,20,38,0,37,33,95,0,41,39,61,53,241,482,22,20,9,3
790,14,19,14,0,10,2,0,17,2,17,69,0,0,37,78,0,41,41,101,49,98,483,22,20,9,3
791,14,20,14,0,4,2,0,18,2,0,41,0,0,33,89,0,38,35,44,77,136,484,22,20,9,3
792,14,19,14,0,3,2,0,17,2,35,151,0,37,36,35,19,40,85,115,50,377,55,21,19,8,1
793,14,19,14,0,8,2,0,17,2,75,143,0,37,37,64,0,38,41,0,264,86,485,22,20,9,3
794,14,19,14,0,11,2,0,17,2,20,158,0,37,28,67,0,41,39,79,94,320,486,22,20,9,3
795,14,19,14,0,9,2,0,17,2,0,41,0,0,35,91,0,38,42,50,55,166,487,22,20,9,3
796,14,19,14,0,8,2,0,17,2,43,135,0,0,33,60,0,38,39,70,0,104,488,22,20,9,3
797,14,19,14,0,5,2,0,17,2,28,88,19,39,58,35,18,40,71,136,126,378,55,21,19,8,1
798,14,19,14,0,5,2,0,17,2,53,28,0,0,28,76,0,38,39,160,3,4,489,22,20,9,3
799,14,19,14,0,11,2,0,17,2,0,39,0,0,57,38,0,41,63,153,53,27,490,22,20,9,3
800,14,19,14,0,6,2,0,17,2,3,51,19,39,38,35,21,40,116,43,265,379,55,21,19,8,1
801,14,19,14,0,8,2,0,17,2,7,44,0,0,33,43,0,38,35,37,55,233,491,22,20,9,3
802,14,19,14,0,9,2,0,17,2,59,112,0,57,28,76,0,41,39,95,73,46,492,22,20,9,3
803,14,19,14,0,10,2,0,17,2,0,41,0,38,36,35,21,40,85,51,129,380,55,21,19,8,1
804,14,19,14,0,8,2,0,17,2,0,142,0,0,28,83,0,38,39,84,42,94,493,22,20,9,3
805,14,19,14,0,1,2,0,17,2,0,56,0,37,33,95,0,41,39,61,42,77,494,22,20,9,3
806,14,19,14,0,3,2,0,17,2,21,77,0,37,35,105,0,52,42,158,95,236,495,22,20,9,3
807,14,19,14,0,10,2,0,17,2,0,39,0,0,33,127,0,38,55,51,126,381,55,21,19,8,1
808,14,19,14,0,10,2,0,17,2,23,92,0,0,33,100,0,38,35,101,40,110,496,22,20,9,3
809,14,19,14,0,11,2,0,17,2,0,39,0,37,37,65,0,38,41,44,219,382,55,21,19,8,1
810,14,19,14,0,8,2,0,17,2,3,57,0,37,33,65,0,38,35,44,55,27,497,22,20,9,3
811,14,19,14,0,5,2,0,17,2,0,153,6,116,28,51,0,41,63,25,53,383,498,22,20,9,3
812,14,19,14,0,1,2,0,17,2,30,130,19,44,59,13,6,60,57,111,266,58,64,23,21,5,1
813,14,19,14,0,7,2,0,17,2,61,36,18,117,101,35,56,111,134,123,63,384,55,21,19,8,1
814,14,19,14,0,2,2,0,17,2,76,69,19,39,41,13,4,54,24,5,267,58,64,23,21,5,1
815,14,19,14,0,2,2,0,17,2,28,42,0,37,33,54,0,38,55,83,121,385,55,21,19,8,1
816,14,19,14,0,11,2,0,17,2,21,38,0,38,35,41,0,38,41,76,46,126,499,22,20,9,3
817,14,19,14,0,6,2,0,17,2,51,85,0,75,33,78,0,38,35,37,23,262,500,22,20,9,3
818,14,19,14,0,9,2,0,17,2,33,40,0,38,28,50,0,0,39,75,132,71,501,22,20,9,3
819,14,19,14,0,11,2,0,17,2,1,15,11,64,15,19,57,49,105,210,64,90,89,24,22,5,27
820,14,19,14,0,1,2,0,17,2,0,0,0,0,28,76,0,38,39,160,42,94,502,22,20,9,3
821,14,19,14,0,0,2,0,17,2,3,84,19,39,63,13,4,64,42,47,268,58,64,23,21,5,1
822,14,19,14,0,2,2,0,17,2,77,106,0,37,28,49,0,44,42,68,269,175,503,22,20,9,3
823,14,19,14,0,11,2,0,17,2,0,39,0,37,35,80,0,41,42,63,55,226,504,22,20,9,3
824,14,19,14,0,8,2,0,17,2,1,15,6,118,54,88,4,64,39,42,270,58,64,23,21,5,1
825,14,19,14,0,2,2,0,17,2,1,15,4,102,54,73,6,112,42,118,271,58,64,23,21,5,1
826,14,19,14,0,11,2,0,17,2,35,70,0,0,28,56,0,38,39,99,60,126,505,22,20,9,3
827,14,19,14,0,0,2,0,17,2,8,28,0,0,34,120,0,38,36,38,96,104,506,22,20,9,3
828,14,19,14,0,1,2,0,17,2,0,39,0,0,33,127,0,38,55,51,126,386,55,21,19,8,1
829,14,19,14,0,2,2,0,17,2,40,106,0,37,33,68,9,57,58,1,61,387,55,21,19,8,1
830,14,19,14,0,5,2,0,17,2,3,101,19,39,60,13,4,101,42,147,272,58,64,23,21,5,1
831,14,19,14,0,10,2,0,17,2,3,169,0,0,35,45,9,39,135,43,235,388,55,21,19,8,1
832,14,19,14,0,11,2,0,17,2,28,81,0,0,28,120,0,38,39,38,101,94,507,22,20,9,3
833,14,19,14,0,3,2,0,17,2,0,150,19,44,61,13,6,103,42,66,273,58,64,23,21,5,1
834,14,19,14,0,9,2,0,17,2,33,62,14,116,33,58,0,38,57,40,62,59,508,22,20,9,3
835,14,19,14,0,1,2,0,17,2,0,39,0,0,28,42,0,41,39,42,42,76,509,22,20,9,3
836,14,19,14,0,1,2,0,17,2,45,116,0,0,28,77,0,38,39,75,117,46,510,22,20,9,3
837,14,19,14,0,7,2,0,17,2,0,39,0,75,34,99,9,62,135,92,92,389,55,21,19,8,1
838,14,19,14,0,7,2,0,17,2,15,90,0,0,37,62,9,49,132,139,100,390,55,21,19,8,1
839,14,19,14,0,9,2,0,17,2,20,122,0,37,102,92,6,71,5,198,32,93,511,22,20,9,3
840,14,19,14,0,5,2,0,17,2,7,109,0,0,35,103,0,41,42,47,53,226,512,22,20,9,3
841,14,19,14,0,0,2,0,17,2,0,39,0,37,35,57,0,41,42,158,55,383,513,22,20,9,3
842,14,20,14,0,10,2,0,18,2,3,108,0,38,28,114,0,0,42,162,94,232,514,22,20,9,3
843,14,19,14,0,3,2,0,17,2,30,73,19,44,90,35,18,39,69,83,274,391,55,21,19,8,1
844,14,19,14,0,3,2,0,17,2,4,60,0,0,37,39,0,37,36,70,113,162,515,22,20,9,3
845,14,19,14,0,5,2,0,17,2,0,129,0,0,37,58,0,38,41,67,44,64,516,22,20,9,3
846,14,19,14,0,3,2,0,17,2,28,89,19,53,103,35,21,113,136,209,78,392,55,21,19,8,1
847,14,19,14,0,8,2,0,17,2,35,120,0,0,104,128,0,38,126,132,275,282,517,22,20,9,3
848,14,19,14,0,2,2,0,17,2,21,134,19,44,85,35,21,39,96,102,1,393,55,21,19,8,1
849,14,19,14,0,11,2,0,17,2,17,124,0,50,35,57,0,41,41,76,47,86,518,22,20,9,3
850,14,19,14,0,5,2,0,17,2,0,41,0,37,28,46,0,38,42,50,55,166,519,22,20,9,3
851,14,19,14,0,8,2,0,17,2,3,73,0,37,35,17,0,38,42,169,94,52,520,22,20,9,3
852,14,19,14,0,10,2,0,17,2,3,57,0,99,76,35,21,94,137,71,37,394,55,21,19,8,1
853,14,19,14,0,3,2,0,17,2,7,44,19,53,66,13,14,32,57,44,276,58,64,23,21,5,1
854,14,19,14,0,5,2,0,17,2,1,15,9,60,54,73,15,114,63,48,277,58,64,23,21,5,1
855,14,19,14,0,0,2,0,17,2,44,40,0,0,28,37,0,41,39,38,11,147,521,22,20,9,3
856,14,19,14,0,3,2,0,17,2,0,39,0,0,35,72,9,39,75,39,278,395,55,21,19,8,1
857,14,20,14,0,4,2,0,18,2,1,36,18,53,60,13,14,90,36,95,279,58,64,23,21,5,1
858,14,19,14,0,9,2,0,17,2,0,170,0,0,22,97,0,38,68,16,47,104,522,22,20,9,3
859,14,19,14,0,8,2,0,17,2,0,39,0,38,35,41,0,65,41,72,44,64,523,22,20,9,3
860,14,20,14,0,4,2,0,18,2,38,28,0,62,2,129,0,38,84,211,23,317,524,22,20,9,3
861,14,19,14,0,3,2,0,17,2,0,39,0,0,35,113,0,68,42,172,55,396,525,22,20,9,3
862,14,19,14,0,11,2,0,17,2,0,39,19,39,81,35,18,40,52,51,71,397,55,21,19,8,1
863,14,19,14,0,9,2,0,17,2,43,107,0,0,22,106,0,41,68,25,173,87,526,22,20,9,3
864,14,19,14,0,11,2,0,17,2,0,39,2,60,57,63,0,38,57,44,153,398,55,21,19,8,1
865,14,19,14,0,7,2,0,17,2,17,95,19,53,53,35,21,62,62,102,1,399,55,21,19,8,1
866,14,19,14,0,5,2,0,17,2,50,146,0,0,37,54,0,0,36,70,30,400,527,22,20,9,3
867,14,19,14,0,11,2,0,17,2,7,31,0,0,57,17,0,38,63,97,40,153,528,22,20,9,3
868,14,19,14,0,9,2,0,17,2,46,139,0,0,37,54,0,41,91,139,37,401,55,21,19,8,1
869,14,19,14,0,5,2,0,17,2,0,156,0,38,57,17,0,0,63,74,39,114,529,22,20,9,3
870,14,19,14,0,10,2,0,17,2,7,81,0,0,28,114,0,38,39,155,94,264,530,22,20,9,3
871,14,19,14,0,2,2,0,17,2,39,28,19,53,81,13,14,115,27,114,280,58,64,23,21,5,1
872,14,19,14,0,5,2,0,17,2,0,41,0,38,37,54,0,41,36,61,94,186,531,22,20,9,3
873,14,19,14,0,3,2,0,17,2,7,71,19,49,65,35,18,49,78,83,79,402,55,21,19,8,1
874,14,19,14,0,11,2,0,17,2,67,135,0,50,67,100,9,42,78,212,281,403,55,21,19,8,1
875,14,19,14,0,11,2,0,17,2,73,120,19,39,97,13,4,90,138,213,282,58,64,23,21,5,1
876,14,19,14,0,11,2,0,17,2,3,119,0,37,34,42,0,38,36,42,53,396,532,22,20,9,3
877,14,20,14,0,4,2,0,18,2,20,134,0,37,35,86,0,41,41,96,39,143,533,22,20,9,3
878,14,19,14,0,5,2,0,17,2,22,60,19,53,99,84,58,45,92,134,56,404,55,21,19,8,1
879,14,19,14,0,1,2,0,17,2,3,136,0,0,35,113,0,38,42,153,44,171,534,22,20,9,3
880,14,19,14,0,5,2,0,17,2,23,88,0,0,37,43,0,41,41,64,99,46,535,22,20,9,3
881,14,19,14,0,3,2,0,17,2,0,150,3,55,37,47,9,42,114,83,149,405,55,21,19,8,1
882,14,19,14,0,5,2,0,17,2,33,131,2,93,34,69,0,41,57,127,117,0,536,22,20,9,3
883,14,19,14,0,10,2,0,17,2,20,61,19,53,38,13,14,34,72,75,283,58,64,23,21,5,1
884,14,19,14,0,11,2,0,17,2,1,15,4,93,54,88,6,116,42,46,284,58,64,23,21,5,1
885,14,19,14,0,2,2,0,17,2,43,2,19,49,83,35,18,117,139,190,172,406,55,21,19,8,1
886,14,19,14,0,3,2,0,17,2,0,39,0,0,34,51,9,58,73,62,220,407,55,21,19,8,1
887,14,19,14,0,7,2,0,17,2,78,72,0,38,37,95,0,41,36,77,285,97,537,22,20,9,3
888,14,19,14,0,11,2,0,17,2,23,107,0,38,35,38,0,41,42,63,49,57,538,22,20,9,3
889,14,20,14,0,4,2,0,18,2,8,60,19,92,63,35,21,45,92,80,56,408,55,21,19,8,1
890,14,20,14,0,4,2,0,18,2,43,2,0,0,34,120,9,58,123,123,253,409,55,21,19,8,1
891,14,19,14,0,9,2,0,17,2,34,40,0,37,28,50,0,41,39,126,118,146,539,22,20,9,3
892,14,20,14,0,4,2,0,18,2,35,106,19,44,105,13,6,118,28,5,286,58,64,23,21,5,1
893,14,19,14,0,7,2,0,17,2,38,118,0,37,35,57,0,41,42,158,60,175,540,22,20,9,3
894,14,19,14,0,5,2,0,17,2,3,51,6,101,35,44,0,38,63,47,101,87,541,22,20,9,3
895,14,19,14,0,5,2,0,17,2,0,39,0,0,34,120,0,38,36,38,94,320,542,22,20,9,3
896,14,19,14,0,0,2,0,17,2,67,106,2,81,106,130,0,0,140,81,287,410,55,21,19,8,1
897,14,19,14,0,0,2,0,17,2,30,73,0,37,28,99,0,41,42,152,39,228,543,22,20,9,3
898,14,20,14,0,4,2,0,18,2,21,76,0,37,107,125,0,38,141,131,134,411,55,21,19,8,1
899,14,19,14,0,0,2,0,17,2,20,124,19,49,56,13,8,59,72,84,288,58,64,23,21,5,1
900,14,19,14,0,9,2,0,17,2,1,36,24,44,108,35,18,39,37,39,114,412,55,21,19,8,1
901,14,19,14,0,11,2,0,17,2,0,41,0,37,34,37,0,38,36,38,94,264,544,22,20,9,3
902,14,19,14,0,8,2,0,17,2,3,47,0,37,28,99,0,41,42,152,44,259,545,22,20,9,3
903,14,19,14,0,0,2,0,17,2,0,41,0,37,35,66,0,38,41,76,44,376,546,22,20,9,3
904,14,19,14,0,2,2,0,17,2,56,171,0,37,37,36,9,49,80,161,63,413,55,21,19,8,1
905,14,19,14,0,2,2,0,17,2,15,146,0,37,34,59,0,41,63,68,132,110,547,22,20,9,3
906,14,19,14,0,0,2,0,17,2,0,65,19,65,108,35,19,62,37,92,289,414,55,21,19,8,1
907,14,19,14,0,9,2,0,17,2,16,74,0,37,35,38,0,65,42,169,173,117,548,22,20,9,3
908,14,19,14,0,0,2,0,17,2,30,50,2,60,35,38,0,41,41,72,40,146,549,22,20,9,3
909,14,19,14,0,3,2,0,17,2,3,51,0,85,67,89,0,38,72,99,47,104,550,22,20,9,3
910,14,19,14,0,7,2,0,17,2,47,36,18,44,42,35,21,39,101,92,278,415,55,21,19,8,1
911,14,19,14,0,3,2,0,17,2,15,131,19,49,91,13,8,82,48,121,290,58,64,23,21,5,1
912,14,19,14,0,11,2,0,17,2,0,39,0,0,37,36,0,41,41,56,44,171,551,22,20,9,3
913,14,19,14,0,8,2,0,17,2,1,36,25,44,108,35,18,39,69,39,92,416,55,21,19,8,1
914,14,20,14,0,4,2,0,18,2,0,39,0,0,35,103,0,41,42,47,44,417,552,22,20,9,3
915,14,19,14,0,0,2,0,17,2,28,81,0,0,40,77,9,45,52,110,155,418,55,21,19,8,1
916,14,19,14,0,0,2,0,17,2,0,41,0,37,35,86,0,0,41,0,44,88,553,22,20,9,3
917,14,19,14,0,2,2,0,17,2,3,57,0,37,37,95,0,41,36,61,53,419,554,22,20,9,3
918,14,19,14,0,7,2,0,17,2,6,91,0,41,35,44,9,39,38,36,50,420,55,21,19,8,1
919,14,19,14,0,9,2,0,17,2,59,113,0,37,37,82,0,41,41,111,70,119,555,22,20,9,3
920,14,19,14,0,7,2,0,17,2,28,145,0,37,37,62,0,38,41,72,47,294,556,22,20,9,3
921,14,19,14,0,3,2,0,17,2,28,92,0,0,35,44,0,41,42,74,40,99,557,22,20,9,3
922,14,19,14,0,7,2,0,17,2,43,2,19,79,42,35,18,75,142,214,155,421,55,21,19,8,1
923,14,19,14,0,5,2,0,17,2,28,138,0,62,37,58,0,38,41,58,47,169,558,22,20,9,3
924,14,19,14,0,8,2,0,17,2,0,39,0,0,35,103,0,0,42,164,44,376,559,22,20,9,3
925,14,19,14,0,11,2,0,17,2,1,15,9,23,54,73,15,92,63,112,291,58,64,23,21,5,1
926,14,19,14,0,7,2,0,17,2,60,131,0,38,57,48,0,38,63,112,70,101,560,22,20,9,3
927,14,19,14,0,3,2,0,17,2,46,87,0,0,6,106,0,41,97,25,9,71,561,22,20,9,3
928,14,19,14,0,9,2,0,17,2,15,55,0,0,37,68,9,49,106,139,144,422,55,21,19,8,1
929,14,19,14,0,0,2,0,17,2,6,57,0,57,35,87,0,41,42,25,49,175,562,22,20,9,3
930,14,19,14,0,2,2,0,17,2,65,87,19,53,84,35,21,58,71,215,222,423,55,21,19,8,1
931,14,19,14,0,0,2,0,17,2,17,95,0,0,37,58,0,38,41,67,292,424,55,21,19,8,1
932,14,19,14,0,2,2,0,17,2,17,77,0,0,34,37,0,0,36,75,49,117,563,22,20,9,3
933,14,19,14,0,5,2,0,17,2,7,89,3,51,37,89,9,42,114,71,89,425,55,21,19,8,1
934,14,19,14,0,11,2,0,17,2,23,31,19,44,105,13,6,118,70,25,293,58,64,23,21,5,1
935,14,19,14,0,0,2,0,17,2,0,39,0,0,28,37,0,0,39,75,42,124,564,22,20,9,3
936,14,19,14,0,11,2,0,17,2,0,39,0,0,35,45,0,41,42,145,55,72,565,22,20,9,3
937,14,19,14,0,8,2,0,17,2,7,92,0,38,37,43,0,38,41,44,39,144,566,22,20,9,3
938,14,19,14,0,5,2,0,17,2,0,39,0,0,37,64,0,41,41,0,44,228,567,22,20,9,3
939,14,20,14,0,10,2,0,18,2,3,101,0,0,28,85,9,40,100,39,54,426,55,21,19,8,1
940,14,19,14,0,8,2,0,17,2,0,159,0,37,37,68,0,41,41,93,94,309,568,22,20,9,3
941,14,19,14,0,0,2,0,17,2,7,107,19,119,109,13,59,98,25,25,294,58,64,23,21,5,1
942,14,19,14,0,9,2,0,17,2,45,140,0,54,37,36,0,38,36,70,23,4,569,22,20,9,3
943,14,19,14,0,9,2,0,17,2,6,47,0,37,28,67,0,52,39,116,40,193,570,22,20,9,3
944,14,19,14,0,8,2,0,17,2,20,111,0,37,35,105,0,0,42,169,39,259,571,22,20,9,3
945,14,19,14,0,10,2,0,17,2,0,0,0,0,34,77,0,38,36,75,94,320,572,22,20,9,3
946,14,19,14,0,11,2,0,17,2,0,39,0,0,34,40,0,38,36,41,94,264,573,22,20,9,3
947,14,19,14,0,7,2,0,17,2,7,172,0,37,35,103,0,41,42,46,53,27,574,22,20,9,3
948,14,19,14,0,5,2,0,17,2,3,108,19,49,65,35,18,49,78,92,278,427,55,21,19,8,1
949,14,19,14,0,2,2,0,17,2,3,84,19,39,41,13,4,54,42,118,295,58,64,23,21,5,1
950,14,19,14,0,8,2,0,17,2,0,39,0,0,34,77,0,38,36,75,94,124,575,22,20,9,3
951,14,19,14,0,0,2,0,17,2,21,61,7,114,28,49,0,41,70,20,113,27,576,22,20,9,3
952,14,19,14,0,7,2,0,17,2,1,36,24,39,38,35,18,40,87,216,296,58,64,23,21,5,1
953,14,19,14,0,11,2,0,17,2,30,115,0,52,35,87,0,38,42,74,39,136,577,22,20,9,3
954,14,19,14,0,9,2,0,17,2,6,28,0,52,35,48,0,44,41,96,49,57,578,22,20,9,3
955,14,19,14,0,3,2,0,17,2,30,102,0,0,35,113,0,38,42,153,39,74,579,22,20,9,3
956,14,19,14,0,11,2,0,17,2,20,166,19,53,58,35,19,58,111,136,71,428,55,21,19,8,1
957,14,19,14,0,8,2,0,17,2,30,115,0,37,35,66,0,41,41,163,101,186,580,22,20,9,3
958,14,19,14,0,5,2,0,17,2,47,15,9,60,54,88,15,108,68,217,297,58,64,23,21,5,1
959,14,20,14,0,4,2,0,18,2,46,87,0,38,35,48,0,0,42,169,83,27,581,22,20,9,3
960,14,20,14,0,4,2,0,18,2,6,173,0,0,35,103,0,41,42,47,47,13,582,22,20,9,3
961,14,19,14,0,0,2,0,17,2,0,39,0,0,34,40,9,58,74,62,78,429,55,21,19,8,1
962,14,19,14,0,5,2,0,17,2,0,159,0,38,28,77,0,38,39,55,55,396,583,22,20,9,3
963,14,19,14,0,5,2,0,17,2,0,39,0,37,49,13,14,61,36,98,298,58,64,23,21,5,1
964,14,19,14,0,0,2,0,17,2,0,100,19,49,56,13,8,59,36,160,299,58,64,23,21,5,1
965,14,19,14,0,3,2,0,17,2,3,91,0,0,34,51,9,58,73,83,79,430,55,21,19,8,1
966,14,19,14,0,3,2,0,17,2,21,124,19,49,48,13,8,9,59,218,300,58,64,23,21,5,1
967,14,19,14,0,0,2,0,17,2,30,148,19,44,110,13,6,116,72,95,301,58,64,23,21,5,1
968,14,19,14,0,5,2,0,17,2,69,15,14,76,15,94,60,119,34,219,64,90,89,24,22,5,28
969,14,19,14,0,9,2,0,17,2,0,129,0,62,35,98,0,38,41,67,44,64,584,22,20,9,3
970,14,19,14,0,5,2,0,17,2,30,84,0,37,67,64,0,38,57,0,49,215,585,22,20,9,3
971,14,19,14,0,9,2,0,17,2,0,128,3,78,37,93,0,38,63,172,53,127,586,22,20,9,3
972,14,19,14,0,5,2,0,17,2,20,45,0,37,37,65,0,38,41,44,101,125,587,22,20,9,3
973,14,19,14,0,8,2,0,17,2,3,47,0,41,35,66,0,52,41,72,94,94,588,22,20,9,3
974,14,19,14,0,5,2,0,17,2,0,150,3,68,34,69,0,41,72,61,101,106,589,22,20,9,3
975,14,19,14,0,2,2,0,17,2,58,55,0,0,34,46,0,0,63,48,175,71,590,22,20,9,3
976,14,20,14,0,4,2,0,18,2,0,0,0,38,35,38,0,38,42,172,55,27,591,22,20,9,3
977,14,19,14,0,2,2,0,17,2,60,40,0,0,57,48,0,44,63,66,170,104,592,22,20,9,3
978,14,19,14,0,11,2,0,17,2,1,15,4,60,15,81,61,39,135,220,64,90,89,24,22,5,29
979,14,19,14,0,9,2,0,17,2,7,88,0,0,37,58,0,38,41,67,53,155,593,22,20,9,3
980,14,19,14,0,9,2,0,17,2,0,56,0,37,12,62,9,111,143,100,148,431,55,21,19,8,1
981,14,19,14,0,3,2,0,17,2,3,93,19,39,73,35,19,39,144,43,226,432,55,21,19,8,1
